#
# There is insufficient memory for the Java Runtime Environment to continue.
# Native memory allocation (mmap) failed to map 472907776 bytes. Error detail: G1 virtual space
# Possible reasons:
#   The system is out of physical RAM or swap space
#   This process is running with CompressedOops enabled, and the Java Heap may be blocking the growth of the native heap
# Possible solutions:
#   Reduce memory load on the system
#   Increase physical memory or swap space
#   Check if swap backing store is full
#   Decrease Java heap size (-Xmx/-Xms)
#   Decrease number of Java threads
#   Decrease Java thread stack sizes (-Xss)
#   Set larger code cache with -XX:ReservedCodeCacheSize=
#   JVM is running with Unscaled Compressed Oops mode in which the Java heap is
#     placed in the first 4GB address space. The Java Heap base address is the
#     maximum limit for the native heap growth. Please use -XX:HeapBaseMinAddress
#     to set the Java Heap base and to place the Java Heap above 4GB virtual address.
# This output file may be truncated or incomplete.
#
#  Out of Memory Error (os_windows.cpp:3926), pid=50744, tid=5996
#
# JRE version: OpenJDK Runtime Environment JBR-21.0.11+1-1163.116-jcef (21.0.11+1) (build 21.0.11+1-b1163.116)
# Java VM: OpenJDK 64-Bit Server VM JBR-21.0.11+1-1163.116-jcef (21.0.11+1-b1163.116, mixed mode, sharing, tiered, compressed oops, compressed class ptrs, g1 gc, windows-amd64)
# No core dump will be written. Minidumps are not enabled by default on client versions of Windows
#

---------------  S U M M A R Y ------------

Command Line: --add-opens=java.base/java.lang=ALL-UNNAMED --add-opens=java.base/java.lang.invoke=ALL-UNNAMED --add-opens=java.base/java.util=ALL-UNNAMED --add-opens=java.prefs/java.util.prefs=ALL-UNNAMED --add-exports=jdk.compiler/com.sun.tools.javac.api=ALL-UNNAMED --add-exports=jdk.compiler/com.sun.tools.javac.util=ALL-UNNAMED --add-opens=java.base/java.nio.charset=ALL-UNNAMED --add-opens=java.base/java.net=ALL-UNNAMED --add-opens=java.base/java.util.concurrent=ALL-UNNAMED --add-opens=java.base/java.util.concurrent.atomic=ALL-UNNAMED --add-opens=java.xml/javax.xml.namespace=ALL-UNNAMED --add-opens=java.base/java.time=ALL-UNNAMED -XX:MaxMetaspaceSize=512m -Xmx2g -Dfile.encoding=UTF-8 -Duser.country=MX -Duser.language=es -Duser.variant -javaagent:C:\AndroidDev\.gradle\wrapper\dists\gradle-9.6.1-bin\4ticwg1pgcbps2hj28r8so764\gradle-9.6.1\lib\agents\gradle-instrumentation-agent-9.6.1.jar org.gradle.launcher.daemon.bootstrap.GradleDaemon 9.6.1

Host: Intel(R) Core(TM) i9-14900HX, 32 cores, 31G,  Windows 11 , 64 bit Build 26100 (10.0.26100.9168)
Time: Wed Aug 19 18:53:07 2026 Hora estándar central (México) elapsed time: 37.583414 seconds (0d 0h 0m 37s)

---------------  T H R E A D  ---------------

Current thread (0x000001f27b1d5840):  VMThread "VM Thread"          [id=5996, stack(0x0000005aeed00000,0x0000005aeee00000) (1024K)]

Stack: [0x0000005aeed00000,0x0000005aeee00000]
Native frames: (J=compiled Java code, j=interpreted, Vv=VM code, C=native code)
V  [jvm.dll+0x6ed7f9]  os::win32::platform_print_native_stack+0xd9  (os_windows_x86.cpp:236)
V  [jvm.dll+0x8cbfcb]  VMError::report+0xd8b  (vmError.cpp:1022)
V  [jvm.dll+0x8ce76a]  VMError::report_and_die+0x79a  (vmError.cpp:1890)
V  [jvm.dll+0x8cee43]  VMError::report_and_die+0x43  (vmError.cpp:1660)
V  [jvm.dll+0x28e496]  report_vm_out_of_memory+0x56  (debug.cpp:225)
V  [jvm.dll+0x6ea0b5]  os::pd_commit_memory_or_exit+0x75  (os_windows.cpp:3934)
V  [jvm.dll+0x6ddada]  os::commit_memory_or_exit+0x2a  (os.cpp:1994)
V  [jvm.dll+0x369d2e]  G1PageBasedVirtualSpace::commit+0xde  (g1PageBasedVirtualSpace.cpp:196)
V  [jvm.dll+0x371bfb]  G1RegionsLargerThanCommitSizeMapper::commit_regions+0x7b  (g1RegionToSpaceMapper.cpp:100)
V  [jvm.dll+0x3c3829]  HeapRegionManager::expand_any+0xa9  (heapRegionManager.cpp:344)
V  [jvm.dll+0x3c3acb]  HeapRegionManager::expand_by+0xcb  (heapRegionManager.cpp:361)
V  [jvm.dll+0x33d037]  G1CollectedHeap::expand+0xb7  (g1CollectedHeap.cpp:1114)
V  [jvm.dll+0x33d0c7]  G1CollectedHeap::expand_heap_after_young_collection+0x37  (g1CollectedHeap.cpp:2521)
V  [jvm.dll+0x3824d2]  G1YoungCollector::post_evacuate_collection_set+0x3f2  (g1YoungCollector.cpp:1008)
V  [jvm.dll+0x380c7e]  G1YoungCollector::collect+0x43e  (g1YoungCollector.cpp:1078)
V  [jvm.dll+0x33c791]  G1CollectedHeap::do_collection_pause_at_safepoint+0x111  (g1CollectedHeap.cpp:2533)
V  [jvm.dll+0x3802ba]  VM_G1CollectForAllocation::doit+0x6a  (g1VMOperations.cpp:147)
V  [jvm.dll+0x8d4bff]  VM_Operation::evaluate+0x10f  (vmOperations.cpp:77)
V  [jvm.dll+0x8d62c3]  VMThread::inner_execute+0x263  (vmThread.cpp:435)
V  [jvm.dll+0x8d6834]  VMThread::loop+0x264  (vmThread.cpp:502)
V  [jvm.dll+0x8d6933]  VMThread::run+0x63  (vmThread.cpp:180)
V  [jvm.dll+0x875cad]  Thread::call_run+0xcd  (thread.cpp:231)
V  [jvm.dll+0x6ebf5d]  os::win32::thread_native_entry+0x7d  (os_windows.cpp:557)
C  [ucrtbase.dll+0x2cd30]
C  [KERNEL32.DLL+0x2ccb7]
C  [ntdll.dll+0xaad6c]

VM_Operation (0x0000005af4dfb9c0): G1CollectForAllocation, mode: safepoint, requested by thread 0x000001f235162eb0


---------------  P R O C E S S  ---------------

Threads class SMR info:
_java_thread_list=0x000001f22a3164d0, length=56, elements={
0x000001f2604b7d60, 0x000001f27b1fbf20, 0x000001f27b1ff240, 0x000001f27b201cb0,
0x000001f27b202f80, 0x000001f27b203b10, 0x000001f27b206990, 0x000001f27b211af0,
0x000001f27b215940, 0x000001f27b218f50, 0x000001f27b212180, 0x000001f27b212810,
0x000001f27b213bc0, 0x000001f27b2148e0, 0x000001f27b214250, 0x000001f27b211460,
0x000001f222f500e0, 0x000001f222f521b0, 0x000001f222f53560, 0x000001f222f53bf0,
0x000001f222f50e00, 0x000001f222f51b20, 0x000001f222f52840, 0x000001f222f52ed0,
0x000001f222f50770, 0x000001f222f57070, 0x000001f222f54280, 0x000001f222f54fa0,
0x000001f225c6c330, 0x000001f225c6dd70, 0x000001f225c6e400, 0x000001f225c6ea90,
0x000001f225c6c9c0, 0x000001f225c6d6e0, 0x000001f225c6bca0, 0x000001f227375630,
0x000001f227375cc0, 0x000001f227376350, 0x000001f227372ed0, 0x000001f227374fa0,
0x000001f2273769e0, 0x000001f227373560, 0x000001f227377070, 0x000001f227374280,
0x000001f22737a4f0, 0x000001f227377d90, 0x000001f223482040, 0x000001f2234833f0,
0x000001f223482d60, 0x000001f223487c20, 0x000001f223487590, 0x000001f234082d90,
0x000001f235162eb0, 0x000001f233a0beb0, 0x000001f233a0ee60, 0x000001f23cf9c100
}

Java Threads: ( => current thread )
  0x000001f2604b7d60 JavaThread "main"                              [_thread_blocked, id=42436, stack(0x0000005aee600000,0x0000005aee700000) (1024K)]
  0x000001f27b1fbf20 JavaThread "Common-Cleaner"             daemon [_thread_blocked, id=21612, stack(0x0000005aeee00000,0x0000005aeef00000) (1024K)]
  0x000001f27b1ff240 JavaThread "Reference Handler"          daemon [_thread_blocked, id=42920, stack(0x0000005aeef00000,0x0000005aef000000) (1024K)]
  0x000001f27b201cb0 JavaThread "Finalizer"                  daemon [_thread_blocked, id=22700, stack(0x0000005aef000000,0x0000005aef100000) (1024K)]
  0x000001f27b202f80 JavaThread "Signal Dispatcher"          daemon [_thread_blocked, id=18888, stack(0x0000005aef100000,0x0000005aef200000) (1024K)]
  0x000001f27b203b10 JavaThread "Attach Listener"            daemon [_thread_blocked, id=49024, stack(0x0000005aef200000,0x0000005aef300000) (1024K)]
  0x000001f27b206990 JavaThread "Service Thread"             daemon [_thread_blocked, id=38868, stack(0x0000005aef300000,0x0000005aef400000) (1024K)]
  0x000001f27b211af0 JavaThread "Monitor Deflation Thread"   daemon [_thread_blocked, id=26076, stack(0x0000005aef400000,0x0000005aef500000) (1024K)]
  0x000001f27b215940 JavaThread "C2 CompilerThread0"         daemon [_thread_blocked, id=49440, stack(0x0000005aef500000,0x0000005aef600000) (1024K)]
  0x000001f27b218f50 JavaThread "C1 CompilerThread0"         daemon [_thread_blocked, id=42504, stack(0x0000005aef600000,0x0000005aef700000) (1024K)]
  0x000001f27b212180 JavaThread "Notification Thread"        daemon [_thread_blocked, id=47052, stack(0x0000005aef900000,0x0000005aefa00000) (1024K)]
  0x000001f27b212810 JavaThread "Daemon health stats"               [_thread_blocked, id=12796, stack(0x0000005af0b00000,0x0000005af0c00000) (1024K)]
  0x000001f27b213bc0 JavaThread "Incoming local TCP Connector on port 58686"        [_thread_in_native, id=42080, stack(0x0000005af0d00000,0x0000005af0e00000) (1024K)]
  0x000001f27b2148e0 JavaThread "Daemon periodic checks"            [_thread_blocked, id=45812, stack(0x0000005af0e00000,0x0000005af0f00000) (1024K)]
  0x000001f27b214250 JavaThread "Daemon"                            [_thread_blocked, id=3032, stack(0x0000005af0f00000,0x0000005af1000000) (1024K)]
  0x000001f27b211460 JavaThread "Handler for socket connection from /127.0.0.1:58686 to /127.0.0.1:58687"        [_thread_in_native, id=49108, stack(0x0000005af1000000,0x0000005af1100000) (1024K)]
  0x000001f222f500e0 JavaThread "Cancel handler"                    [_thread_blocked, id=48436, stack(0x0000005af1100000,0x0000005af1200000) (1024K)]
  0x000001f222f521b0 JavaThread "Daemon worker"                     [_thread_blocked, id=15920, stack(0x0000005af1200000,0x0000005af1300000) (1024K)]
  0x000001f222f53560 JavaThread "Asynchronous log dispatcher for DefaultDaemonConnection: socket connection from /127.0.0.1:58686 to /127.0.0.1:58687"        [_thread_blocked, id=26876, stack(0x0000005af1300000,0x0000005af1400000) (1024K)]
  0x000001f222f53bf0 JavaThread "Stdin handler"                     [_thread_blocked, id=47808, stack(0x0000005af1400000,0x0000005af1500000) (1024K)]
  0x000001f222f50e00 JavaThread "Daemon client event forwarder"        [_thread_blocked, id=47892, stack(0x0000005af1500000,0x0000005af1600000) (1024K)]
  0x000001f222f51b20 JavaThread "Cache worker for journal cache (C:\AndroidDev\.gradle\caches\journal-1)"        [_thread_blocked, id=2568, stack(0x0000005aeff00000,0x0000005af0000000) (1024K)]
  0x000001f222f52840 JavaThread "File lock request listener"        [_thread_in_native, id=48404, stack(0x0000005af1600000,0x0000005af1700000) (1024K)]
  0x000001f222f52ed0 JavaThread "Cache worker for file hash cache (C:\AndroidDev\.gradle\caches\9.6.1\fileHashes)"        [_thread_blocked, id=16148, stack(0x0000005af1700000,0x0000005af1800000) (1024K)]
  0x000001f222f50770 JavaThread "Cache worker for file hash cache (F:\Proyectos\Nixta\nixta-pos v2\.gradle\9.6.1\fileHashes)"        [_thread_blocked, id=652, stack(0x0000005af2800000,0x0000005af2900000) (1024K)]
  0x000001f222f57070 JavaThread "Cache worker for checksums cache (F:\Proyectos\Nixta\nixta-pos v2\.gradle\9.6.1\checksums)"        [_thread_blocked, id=23984, stack(0x0000005af2900000,0x0000005af2a00000) (1024K)]
  0x000001f222f54280 JavaThread "Cache worker for Build Output Cleanup Cache (F:\Proyectos\Nixta\nixta-pos v2\.gradle\buildOutputCleanup)"        [_thread_blocked, id=44608, stack(0x0000005af2a00000,0x0000005af2b00000) (1024K)]
  0x000001f222f54fa0 JavaThread "Cache worker for file content cache (C:\AndroidDev\.gradle\caches\9.6.1\fileContent)"        [_thread_blocked, id=38032, stack(0x0000005af2b00000,0x0000005af2c00000) (1024K)]
  0x000001f225c6c330 JavaThread "File watcher server"        daemon [_thread_blocked, id=49252, stack(0x0000005af2c00000,0x0000005af2d00000) (1024K)]
  0x000001f225c6dd70 JavaThread "File watcher consumer"      daemon [_thread_blocked, id=47476, stack(0x0000005af2d00000,0x0000005af2e00000) (1024K)]
  0x000001f225c6e400 JavaThread "Cache worker for cache directory md-supplier (C:\AndroidDev\.gradle\caches\9.6.1\md-supplier)"        [_thread_blocked, id=44328, stack(0x0000005aefe00000,0x0000005aeff00000) (1024K)]
  0x000001f225c6ea90 JavaThread "Cache worker for cache directory md-rule (C:\AndroidDev\.gradle\caches\9.6.1\md-rule)"        [_thread_blocked, id=44692, stack(0x0000005af2e00000,0x0000005af2f00000) (1024K)]
  0x000001f225c6c9c0 JavaThread "build event listener"              [_thread_blocked, id=42388, stack(0x0000005af3000000,0x0000005af3100000) (1024K)]
  0x000001f225c6d6e0 JavaThread "Build operations"                  [_thread_blocked, id=3068, stack(0x0000005af3100000,0x0000005af3200000) (1024K)]
  0x000001f225c6bca0 JavaThread "Memory manager"                    [_thread_blocked, id=51092, stack(0x0000005af2f00000,0x0000005af3000000) (1024K)]
  0x000001f227375630 JavaThread "included builds"                   [_thread_blocked, id=24264, stack(0x0000005af3200000,0x0000005af3300000) (1024K)]
  0x000001f227375cc0 JavaThread "Execution worker"                  [_thread_blocked, id=49644, stack(0x0000005af3300000,0x0000005af3400000) (1024K)]
  0x000001f227376350 JavaThread "Execution worker Thread 2"         [_thread_blocked, id=48500, stack(0x0000005af3400000,0x0000005af3500000) (1024K)]
  0x000001f227372ed0 JavaThread "Execution worker Thread 3"         [_thread_blocked, id=23664, stack(0x0000005af3500000,0x0000005af3600000) (1024K)]
  0x000001f227374fa0 JavaThread "Cache worker for execution history cache (F:\Proyectos\Nixta\nixta-pos v2\.gradle\9.6.1\executionHistory)"        [_thread_blocked, id=42684, stack(0x0000005af3600000,0x0000005af3700000) (1024K)]
  0x000001f2273769e0 JavaThread "Build operations Thread 2"         [_thread_blocked, id=50916, stack(0x0000005af3700000,0x0000005af3800000) (1024K)]
  0x000001f227373560 JavaThread "Build operations Thread 3"         [_thread_blocked, id=46888, stack(0x0000005af3800000,0x0000005af3900000) (1024K)]
  0x000001f227377070 JavaThread "Build operations Thread 4"         [_thread_blocked, id=45796, stack(0x0000005af3900000,0x0000005af3a00000) (1024K)]
  0x000001f227374280 JavaThread "WorkerExecutor Queue"              [_thread_blocked, id=11604, stack(0x0000005af3d00000,0x0000005af3e00000) (1024K)]
  0x000001f22737a4f0 JavaThread "Java2D Disposer"            daemon [_thread_blocked, id=45692, stack(0x0000005af3e00000,0x0000005af3f00000) (1024K)]
  0x000001f227377d90 JavaThread "AWT-Windows"                daemon [_thread_in_native, id=47448, stack(0x0000005af4000000,0x0000005af4100000) (1024K)]
  0x000001f223482040 JavaThread "DefaultDispatcher-worker-1" daemon [_thread_blocked, id=5820, stack(0x0000005af4200000,0x0000005af4300000) (1024K)]
  0x000001f2234833f0 JavaThread "DefaultDispatcher-worker-2" daemon [_thread_blocked, id=47136, stack(0x0000005af4300000,0x0000005af4400000) (1024K)]
  0x000001f223482d60 JavaThread "DefaultDispatcher-worker-3" daemon [_thread_blocked, id=50024, stack(0x0000005af4400000,0x0000005af4500000) (1024K)]
  0x000001f223487c20 JavaThread "Periodic tasks thread"      daemon [_thread_blocked, id=21072, stack(0x0000005af3c00000,0x0000005af3d00000) (1024K)]
  0x000001f223487590 JavaThread "ApplicationImpl pooled thread 1"        [_thread_blocked, id=46812, stack(0x0000005af3f00000,0x0000005af4000000) (1024K)]
  0x000001f234082d90 JavaThread "WorkerExecutor Queue Thread 2"        [_thread_blocked, id=5900, stack(0x0000005af4c00000,0x0000005af4d00000) (1024K)]
  0x000001f235162eb0 JavaThread "pool-2-thread-1"                   [_thread_blocked, id=49860, stack(0x0000005af4d00000,0x0000005af4e00000) (1024K)]
  0x000001f233a0beb0 JavaThread "C2 CompilerThread1"         daemon [_thread_blocked, id=42848, stack(0x0000005af0c00000,0x0000005af0d00000) (1024K)]
  0x000001f233a0ee60 JavaThread "C2 CompilerThread2"         daemon [_thread_blocked, id=21140, stack(0x0000005af3b00000,0x0000005af3c00000) (1024K)]
  0x000001f23cf9c100 JavaThread "C1 CompilerThread1"         daemon [_thread_blocked, id=47832, stack(0x0000005aef700000,0x0000005aef800000) (1024K)]
Total: 56

Other Threads:
=>0x000001f27b1d5840 VMThread "VM Thread"                           [id=5996, stack(0x0000005aeed00000,0x0000005aeee00000) (1024K)]
  0x000001f27b1d07e0 WatcherThread "VM Periodic Task Thread"        [id=48812, stack(0x0000005aeec00000,0x0000005aeed00000) (1024K)]
  0x000001f25e0be0b0 WorkerThread "GC Thread#0"                     [id=20164, stack(0x0000005aee700000,0x0000005aee800000) (1024K)]
  0x000001f2211b48f0 WorkerThread "GC Thread#1"                     [id=47288, stack(0x0000005af0000000,0x0000005af0100000) (1024K)]
  0x000001f220aa7090 WorkerThread "GC Thread#2"                     [id=42788, stack(0x0000005af0100000,0x0000005af0200000) (1024K)]
  0x000001f220aa7440 WorkerThread "GC Thread#3"                     [id=8920, stack(0x0000005af0200000,0x0000005af0300000) (1024K)]
  0x000001f220aa77f0 WorkerThread "GC Thread#4"                     [id=20900, stack(0x0000005af0300000,0x0000005af0400000) (1024K)]
  0x000001f220aa7ba0 WorkerThread "GC Thread#5"                     [id=41352, stack(0x0000005af0400000,0x0000005af0500000) (1024K)]
  0x000001f220bcf170 WorkerThread "GC Thread#6"                     [id=10012, stack(0x0000005af0500000,0x0000005af0600000) (1024K)]
  0x000001f220a205a0 WorkerThread "GC Thread#7"                     [id=50276, stack(0x0000005af0600000,0x0000005af0700000) (1024K)]
  0x000001f220a210b0 WorkerThread "GC Thread#8"                     [id=36416, stack(0x0000005af0700000,0x0000005af0800000) (1024K)]
  0x000001f220a21bc0 WorkerThread "GC Thread#9"                     [id=3692, stack(0x0000005af0800000,0x0000005af0900000) (1024K)]
  0x000001f220a21460 WorkerThread "GC Thread#10"                    [id=27624, stack(0x0000005af0900000,0x0000005af0a00000) (1024K)]
  0x000001f220a21810 WorkerThread "GC Thread#11"                    [id=42916, stack(0x0000005af0a00000,0x0000005af0b00000) (1024K)]
  0x000001f22278f010 WorkerThread "GC Thread#12"                    [id=15580, stack(0x0000005af1800000,0x0000005af1900000) (1024K)]
  0x000001f2227918a0 WorkerThread "GC Thread#13"                    [id=41996, stack(0x0000005af1900000,0x0000005af1a00000) (1024K)]
  0x000001f222790280 WorkerThread "GC Thread#14"                    [id=4468, stack(0x0000005af1a00000,0x0000005af1b00000) (1024K)]
  0x000001f22278f3c0 WorkerThread "GC Thread#15"                    [id=42432, stack(0x0000005af1b00000,0x0000005af1c00000) (1024K)]
  0x000001f222791c50 WorkerThread "GC Thread#16"                    [id=28576, stack(0x0000005af1c00000,0x0000005af1d00000) (1024K)]
  0x000001f22278f770 WorkerThread "GC Thread#17"                    [id=26404, stack(0x0000005af1d00000,0x0000005af1e00000) (1024K)]
  0x000001f22278ec60 WorkerThread "GC Thread#18"                    [id=46764, stack(0x0000005af1e00000,0x0000005af1f00000) (1024K)]
  0x000001f222792000 WorkerThread "GC Thread#19"                    [id=35284, stack(0x0000005af1f00000,0x0000005af2000000) (1024K)]
  0x000001f222790630 WorkerThread "GC Thread#20"                    [id=50944, stack(0x0000005af2000000,0x0000005af2100000) (1024K)]
  0x000001f2227914f0 WorkerThread "GC Thread#21"                    [id=21692, stack(0x0000005af2100000,0x0000005af2200000) (1024K)]
  0x000001f22278fb20 WorkerThread "GC Thread#22"                    [id=50092, stack(0x0000005af2200000,0x0000005af2300000) (1024K)]
  0x000001f260520de0 ConcurrentGCThread "G1 Main Marker"            [id=44932, stack(0x0000005aee800000,0x0000005aee900000) (1024K)]
  0x000001f260521700 WorkerThread "G1 Conc#0"                       [id=44344, stack(0x0000005aee900000,0x0000005aeea00000) (1024K)]
  0x000001f2227909e0 WorkerThread "G1 Conc#1"                       [id=7252, stack(0x0000005af2300000,0x0000005af2400000) (1024K)]
  0x000001f22278fed0 WorkerThread "G1 Conc#2"                       [id=27700, stack(0x0000005af2400000,0x0000005af2500000) (1024K)]
  0x000001f22278e500 WorkerThread "G1 Conc#3"                       [id=44616, stack(0x0000005af2500000,0x0000005af2600000) (1024K)]
  0x000001f222790d90 WorkerThread "G1 Conc#4"                       [id=43072, stack(0x0000005af2600000,0x0000005af2700000) (1024K)]
  0x000001f222791140 WorkerThread "G1 Conc#5"                       [id=43816, stack(0x0000005af2700000,0x0000005af2800000) (1024K)]
  0x000001f27b0b3420 ConcurrentGCThread "G1 Refine#0"               [id=48816, stack(0x0000005aeea00000,0x0000005aeeb00000) (1024K)]
  0x000001f27a6bdfc0 ConcurrentGCThread "G1 Service"                [id=43216, stack(0x0000005aeeb00000,0x0000005aeec00000) (1024K)]
Total: 34

Threads with active compile tasks:
C2 CompilerThread0  37718 53048       4       org.jetbrains.kotlin.backend.jvm.mapping.MethodSignatureMapper::mapFunctionName (305 bytes)
C2 CompilerThread1  37718 53071 %     4       org.jetbrains.kotlin.codegen.optimization.common.ControlFlowGraph$Builder::build @ 58 (151 bytes)
C2 CompilerThread2  37718 53073 %     4       org.jetbrains.kotlin.codegen.optimization.common.ControlFlowGraph::<init> @ 81 (116 bytes)
Total: 3

VM state: at safepoint (normal execution)

VM Mutex/Monitor currently owned by a thread:  ([mutex/lock_event])
[0x00007ffe8efbadb0] Threads_lock - owner thread: 0x000001f27b1d5840
[0x00007ffe8efbaeb0] Heap_lock - owner thread: 0x000001f235162eb0

Heap address: 0x0000000080000000, size: 2048 MB, Compressed Oops mode: 32-bit

CDS archive(s) mapped at: [0x000001f200000000-0x000001f201c30000-0x000001f201c30000), size 29556736, SharedBaseAddress: 0x000001f200000000, ArchiveRelocationMode: 1.
Compressed class space mapped at: 0x000001f202000000-0x000001f21c000000, reserved size: 436207616
Narrow klass base: 0x000001f200000000, Narrow klass shift: 0, Narrow klass range: 0x100000000

GC Precious Log:
 CardTable entry size: 512
 Card Set container configuration: InlinePtr #cards 5 size 8 Array Of Cards #cards 12 size 40 Howl #buckets 4 coarsen threshold 1843 Howl Bitmap #cards 512 size 80 coarsen threshold 460 Card regions per heap region 1 cards per card region 2048
 CPUs: 32 total, 32 available
 Memory: 32320M
 Large Page Support: Disabled
 NUMA Support: Disabled
 Compressed Oops: Enabled (32-bit)
 Heap Region Size: 1M
 Heap Min Capacity: 8M
 Heap Initial Capacity: 506M
 Heap Max Capacity: 2G
 Pre-touch: Disabled
 Parallel Workers: 23
 Concurrent Workers: 6
 Concurrent Refinement Workers: 23
 Periodic GC: Disabled

Heap:
 garbage-first heap   total 819200K, used 483307K [0x0000000080000000, 0x0000000100000000)
  region size 1024K, 5 young (5120K), 5 survivors (5120K)
 Metaspace       used 233704K, committed 236032K, reserved 688128K
  class space    used 27658K, committed 28800K, reserved 425984K

Heap Regions: E=young(eden), S=young(survivor), O=old, HS=humongous(starts), HC=humongous(continues), CS=collection set, F=free, TAMS=top-at-mark-start, PB=parsable bottom
|   0|0x0000000080000000, 0x0000000080100000, 0x0000000080100000|100%|HS|  |TAMS 0x0000000080000000| PB 0x0000000080000000| Complete 
|   1|0x0000000080100000, 0x0000000080200000, 0x0000000080200000|100%|HC|  |TAMS 0x0000000080100000| PB 0x0000000080100000| Complete 
|   2|0x0000000080200000, 0x0000000080300000, 0x0000000080300000|100%|HC|  |TAMS 0x0000000080200000| PB 0x0000000080200000| Complete 
|   3|0x0000000080300000, 0x0000000080400000, 0x0000000080400000|100%|HC|  |TAMS 0x0000000080300000| PB 0x0000000080300000| Complete 
|   4|0x0000000080400000, 0x0000000080500000, 0x0000000080500000|100%| O|  |TAMS 0x0000000080400000| PB 0x0000000080400000| Untracked 
|   5|0x0000000080500000, 0x0000000080600000, 0x0000000080600000|100%| O|  |TAMS 0x0000000080500000| PB 0x0000000080500000| Untracked 
|   6|0x0000000080600000, 0x0000000080700000, 0x0000000080700000|100%| O|  |TAMS 0x0000000080600000| PB 0x0000000080600000| Untracked 
|   7|0x0000000080700000, 0x0000000080800000, 0x0000000080800000|100%| O|  |TAMS 0x0000000080700000| PB 0x0000000080700000| Untracked 
|   8|0x0000000080800000, 0x0000000080900000, 0x0000000080900000|100%| O|  |TAMS 0x0000000080800000| PB 0x0000000080800000| Untracked 
|   9|0x0000000080900000, 0x0000000080a00000, 0x0000000080a00000|100%| O|  |TAMS 0x0000000080900000| PB 0x0000000080900000| Untracked 
|  10|0x0000000080a00000, 0x0000000080b00000, 0x0000000080b00000|100%| O|  |TAMS 0x0000000080a00000| PB 0x0000000080a00000| Untracked 
|  11|0x0000000080b00000, 0x0000000080c00000, 0x0000000080c00000|100%|HS|  |TAMS 0x0000000080b00000| PB 0x0000000080b00000| Complete 
|  12|0x0000000080c00000, 0x0000000080d00000, 0x0000000080d00000|100%|HS|  |TAMS 0x0000000080c00000| PB 0x0000000080c00000| Complete 
|  13|0x0000000080d00000, 0x0000000080e00000, 0x0000000080e00000|100%|HS|  |TAMS 0x0000000080d00000| PB 0x0000000080d00000| Complete 
|  14|0x0000000080e00000, 0x0000000080f00000, 0x0000000080f00000|100%|HS|  |TAMS 0x0000000080e00000| PB 0x0000000080e00000| Complete 
|  15|0x0000000080f00000, 0x0000000081000000, 0x0000000081000000|100%|HS|  |TAMS 0x0000000080f00000| PB 0x0000000080f00000| Complete 
|  16|0x0000000081000000, 0x0000000081100000, 0x0000000081100000|100%|HC|  |TAMS 0x0000000081000000| PB 0x0000000081000000| Complete 
|  17|0x0000000081100000, 0x0000000081200000, 0x0000000081200000|100%|HS|  |TAMS 0x0000000081100000| PB 0x0000000081100000| Complete 
|  18|0x0000000081200000, 0x0000000081300000, 0x0000000081300000|100%|HS|  |TAMS 0x0000000081200000| PB 0x0000000081200000| Complete 
|  19|0x0000000081300000, 0x0000000081400000, 0x0000000081400000|100%| O|  |TAMS 0x0000000081300000| PB 0x0000000081300000| Untracked 
|  20|0x0000000081400000, 0x0000000081500000, 0x0000000081500000|100%| O|  |TAMS 0x0000000081400000| PB 0x0000000081400000| Untracked 
|  21|0x0000000081500000, 0x0000000081600000, 0x0000000081600000|100%| O|  |TAMS 0x0000000081500000| PB 0x0000000081500000| Untracked 
|  22|0x0000000081600000, 0x0000000081700000, 0x0000000081700000|100%| O|  |TAMS 0x0000000081600000| PB 0x0000000081600000| Untracked 
|  23|0x0000000081700000, 0x0000000081800000, 0x0000000081800000|100%| O|  |TAMS 0x0000000081700000| PB 0x0000000081700000| Untracked 
|  24|0x0000000081800000, 0x0000000081900000, 0x0000000081900000|100%| O|  |TAMS 0x0000000081800000| PB 0x0000000081800000| Untracked 
|  25|0x0000000081900000, 0x0000000081a00000, 0x0000000081a00000|100%| O|  |TAMS 0x0000000081900000| PB 0x0000000081900000| Untracked 
|  26|0x0000000081a00000, 0x0000000081b00000, 0x0000000081b00000|100%| O|  |TAMS 0x0000000081a00000| PB 0x0000000081a00000| Untracked 
|  27|0x0000000081b00000, 0x0000000081c00000, 0x0000000081c00000|100%| O|  |TAMS 0x0000000081b00000| PB 0x0000000081b00000| Untracked 
|  28|0x0000000081c00000, 0x0000000081d00000, 0x0000000081d00000|100%| O|  |TAMS 0x0000000081c00000| PB 0x0000000081c00000| Untracked 
|  29|0x0000000081d00000, 0x0000000081e00000, 0x0000000081e00000|100%| O|  |TAMS 0x0000000081d00000| PB 0x0000000081d00000| Untracked 
|  30|0x0000000081e00000, 0x0000000081f00000, 0x0000000081f00000|100%| O|  |TAMS 0x0000000081e00000| PB 0x0000000081e00000| Untracked 
|  31|0x0000000081f00000, 0x0000000082000000, 0x0000000082000000|100%| O|  |TAMS 0x0000000081f00000| PB 0x0000000081f00000| Untracked 
|  32|0x0000000082000000, 0x0000000082100000, 0x0000000082100000|100%| O|  |TAMS 0x0000000082000000| PB 0x0000000082000000| Untracked 
|  33|0x0000000082100000, 0x0000000082200000, 0x0000000082200000|100%|HS|  |TAMS 0x0000000082100000| PB 0x0000000082100000| Complete 
|  34|0x0000000082200000, 0x0000000082300000, 0x0000000082300000|100%|HS|  |TAMS 0x0000000082200000| PB 0x0000000082200000| Complete 
|  35|0x0000000082300000, 0x0000000082400000, 0x0000000082400000|100%| O|  |TAMS 0x0000000082300000| PB 0x0000000082300000| Untracked 
|  36|0x0000000082400000, 0x0000000082500000, 0x0000000082500000|100%|HS|  |TAMS 0x0000000082400000| PB 0x0000000082400000| Complete 
|  37|0x0000000082500000, 0x0000000082600000, 0x0000000082600000|100%| O|  |TAMS 0x0000000082500000| PB 0x0000000082500000| Untracked 
|  38|0x0000000082600000, 0x0000000082700000, 0x0000000082700000|100%| O|  |TAMS 0x0000000082600000| PB 0x0000000082600000| Untracked 
|  39|0x0000000082700000, 0x0000000082800000, 0x0000000082800000|100%| O|  |TAMS 0x0000000082700000| PB 0x0000000082700000| Untracked 
|  40|0x0000000082800000, 0x0000000082900000, 0x0000000082900000|100%| O|  |TAMS 0x0000000082800000| PB 0x0000000082800000| Untracked 
|  41|0x0000000082900000, 0x0000000082a00000, 0x0000000082a00000|100%|HS|  |TAMS 0x0000000082900000| PB 0x0000000082900000| Complete 
|  42|0x0000000082a00000, 0x0000000082b00000, 0x0000000082b00000|100%|HC|  |TAMS 0x0000000082a00000| PB 0x0000000082a00000| Complete 
|  43|0x0000000082b00000, 0x0000000082c00000, 0x0000000082c00000|100%| O|  |TAMS 0x0000000082b00000| PB 0x0000000082b00000| Untracked 
|  44|0x0000000082c00000, 0x0000000082d00000, 0x0000000082d00000|100%| O|  |TAMS 0x0000000082c00000| PB 0x0000000082c00000| Untracked 
|  45|0x0000000082d00000, 0x0000000082e00000, 0x0000000082e00000|100%| O|  |TAMS 0x0000000082d00000| PB 0x0000000082d00000| Untracked 
|  46|0x0000000082e00000, 0x0000000082f00000, 0x0000000082f00000|100%| O|  |TAMS 0x0000000082e00000| PB 0x0000000082e00000| Untracked 
|  47|0x0000000082f00000, 0x0000000083000000, 0x0000000083000000|100%| O|  |TAMS 0x0000000082f00000| PB 0x0000000082f00000| Untracked 
|  48|0x0000000083000000, 0x0000000083100000, 0x0000000083100000|100%| O|  |TAMS 0x0000000083000000| PB 0x0000000083000000| Untracked 
|  49|0x0000000083100000, 0x0000000083200000, 0x0000000083200000|100%| O|  |TAMS 0x0000000083100000| PB 0x0000000083100000| Untracked 
|  50|0x0000000083200000, 0x0000000083300000, 0x0000000083300000|100%| O|  |TAMS 0x0000000083200000| PB 0x0000000083200000| Untracked 
|  51|0x0000000083300000, 0x0000000083400000, 0x0000000083400000|100%| O|  |TAMS 0x0000000083300000| PB 0x0000000083300000| Untracked 
|  52|0x0000000083400000, 0x0000000083500000, 0x0000000083500000|100%| O|  |TAMS 0x0000000083400000| PB 0x0000000083400000| Untracked 
|  53|0x0000000083500000, 0x0000000083600000, 0x0000000083600000|100%| O|  |TAMS 0x0000000083500000| PB 0x0000000083500000| Untracked 
|  54|0x0000000083600000, 0x0000000083700000, 0x0000000083700000|100%| O|  |TAMS 0x0000000083600000| PB 0x0000000083600000| Untracked 
|  55|0x0000000083700000, 0x0000000083800000, 0x0000000083800000|100%| O|  |TAMS 0x0000000083700000| PB 0x0000000083700000| Untracked 
|  56|0x0000000083800000, 0x0000000083900000, 0x0000000083900000|100%| O|  |TAMS 0x0000000083800000| PB 0x0000000083800000| Untracked 
|  57|0x0000000083900000, 0x0000000083a00000, 0x0000000083a00000|100%| O|  |TAMS 0x0000000083900000| PB 0x0000000083900000| Untracked 
|  58|0x0000000083a00000, 0x0000000083b00000, 0x0000000083b00000|100%| O|  |TAMS 0x0000000083a00000| PB 0x0000000083a00000| Untracked 
|  59|0x0000000083b00000, 0x0000000083c00000, 0x0000000083c00000|100%| O|  |TAMS 0x0000000083b00000| PB 0x0000000083b00000| Untracked 
|  60|0x0000000083c00000, 0x0000000083d00000, 0x0000000083d00000|100%| O|  |TAMS 0x0000000083c00000| PB 0x0000000083c00000| Untracked 
|  61|0x0000000083d00000, 0x0000000083e00000, 0x0000000083e00000|100%| O|  |TAMS 0x0000000083d00000| PB 0x0000000083d00000| Untracked 
|  62|0x0000000083e00000, 0x0000000083f00000, 0x0000000083f00000|100%| O|  |TAMS 0x0000000083e00000| PB 0x0000000083e00000| Untracked 
|  63|0x0000000083f00000, 0x0000000084000000, 0x0000000084000000|100%|HS|  |TAMS 0x0000000083f00000| PB 0x0000000083f00000| Complete 
|  64|0x0000000084000000, 0x0000000084100000, 0x0000000084100000|100%|HC|  |TAMS 0x0000000084000000| PB 0x0000000084000000| Complete 
|  65|0x0000000084100000, 0x0000000084200000, 0x0000000084200000|100%|HC|  |TAMS 0x0000000084100000| PB 0x0000000084100000| Complete 
|  66|0x0000000084200000, 0x0000000084300000, 0x0000000084300000|100%|HC|  |TAMS 0x0000000084200000| PB 0x0000000084200000| Complete 
|  67|0x0000000084300000, 0x0000000084400000, 0x0000000084400000|100%|HC|  |TAMS 0x0000000084300000| PB 0x0000000084300000| Complete 
|  68|0x0000000084400000, 0x0000000084500000, 0x0000000084500000|100%| O|  |TAMS 0x0000000084400000| PB 0x0000000084400000| Untracked 
|  69|0x0000000084500000, 0x0000000084600000, 0x0000000084600000|100%| O|  |TAMS 0x0000000084500000| PB 0x0000000084500000| Untracked 
|  70|0x0000000084600000, 0x0000000084700000, 0x0000000084700000|100%| O|  |TAMS 0x0000000084600000| PB 0x0000000084600000| Untracked 
|  71|0x0000000084700000, 0x0000000084800000, 0x0000000084800000|100%| O|  |TAMS 0x0000000084700000| PB 0x0000000084700000| Untracked 
|  72|0x0000000084800000, 0x0000000084900000, 0x0000000084900000|100%| O|  |TAMS 0x0000000084800000| PB 0x0000000084800000| Untracked 
|  73|0x0000000084900000, 0x0000000084a00000, 0x0000000084a00000|100%| O|  |TAMS 0x0000000084900000| PB 0x0000000084900000| Untracked 
|  74|0x0000000084a00000, 0x0000000084b00000, 0x0000000084b00000|100%| O|  |TAMS 0x0000000084a00000| PB 0x0000000084a00000| Untracked 
|  75|0x0000000084b00000, 0x0000000084c00000, 0x0000000084c00000|100%| O|  |TAMS 0x0000000084b00000| PB 0x0000000084b00000| Untracked 
|  76|0x0000000084c00000, 0x0000000084d00000, 0x0000000084d00000|100%| O|  |TAMS 0x0000000084c00000| PB 0x0000000084c00000| Untracked 
|  77|0x0000000084d00000, 0x0000000084e00000, 0x0000000084e00000|100%| O|  |TAMS 0x0000000084d00000| PB 0x0000000084d00000| Untracked 
|  78|0x0000000084e00000, 0x0000000084f00000, 0x0000000084f00000|100%| O|  |TAMS 0x0000000084e00000| PB 0x0000000084e00000| Untracked 
|  79|0x0000000084f00000, 0x0000000085000000, 0x0000000085000000|100%| O|  |TAMS 0x0000000084f00000| PB 0x0000000084f00000| Untracked 
|  80|0x0000000085000000, 0x0000000085100000, 0x0000000085100000|100%| O|  |TAMS 0x0000000085000000| PB 0x0000000085000000| Untracked 
|  81|0x0000000085100000, 0x0000000085200000, 0x0000000085200000|100%| O|  |TAMS 0x0000000085100000| PB 0x0000000085100000| Untracked 
|  82|0x0000000085200000, 0x0000000085300000, 0x0000000085300000|100%| O|  |TAMS 0x0000000085200000| PB 0x0000000085200000| Untracked 
|  83|0x0000000085300000, 0x0000000085400000, 0x0000000085400000|100%| O|  |TAMS 0x0000000085300000| PB 0x0000000085300000| Untracked 
|  84|0x0000000085400000, 0x0000000085500000, 0x0000000085500000|100%| O|  |TAMS 0x0000000085400000| PB 0x0000000085400000| Untracked 
|  85|0x0000000085500000, 0x0000000085600000, 0x0000000085600000|100%| O|  |TAMS 0x0000000085500000| PB 0x0000000085500000| Untracked 
|  86|0x0000000085600000, 0x0000000085700000, 0x0000000085700000|100%| O|  |TAMS 0x0000000085600000| PB 0x0000000085600000| Untracked 
|  87|0x0000000085700000, 0x0000000085800000, 0x0000000085800000|100%| O|  |TAMS 0x0000000085700000| PB 0x0000000085700000| Untracked 
|  88|0x0000000085800000, 0x0000000085900000, 0x0000000085900000|100%| O|  |TAMS 0x0000000085800000| PB 0x0000000085800000| Untracked 
|  89|0x0000000085900000, 0x0000000085a00000, 0x0000000085a00000|100%| O|  |TAMS 0x0000000085900000| PB 0x0000000085900000| Untracked 
|  90|0x0000000085a00000, 0x0000000085b00000, 0x0000000085b00000|100%| O|  |TAMS 0x0000000085a00000| PB 0x0000000085a00000| Untracked 
|  91|0x0000000085b00000, 0x0000000085c00000, 0x0000000085c00000|100%| O|  |TAMS 0x0000000085b00000| PB 0x0000000085b00000| Untracked 
|  92|0x0000000085c00000, 0x0000000085d00000, 0x0000000085d00000|100%| O|  |TAMS 0x0000000085c00000| PB 0x0000000085c00000| Untracked 
|  93|0x0000000085d00000, 0x0000000085e00000, 0x0000000085e00000|100%| O|  |TAMS 0x0000000085d00000| PB 0x0000000085d00000| Untracked 
|  94|0x0000000085e00000, 0x0000000085f00000, 0x0000000085f00000|100%| O|  |TAMS 0x0000000085e00000| PB 0x0000000085e00000| Untracked 
|  95|0x0000000085f00000, 0x0000000086000000, 0x0000000086000000|100%| O|  |TAMS 0x0000000085f00000| PB 0x0000000085f00000| Untracked 
|  96|0x0000000086000000, 0x0000000086100000, 0x0000000086100000|100%| O|  |TAMS 0x0000000086000000| PB 0x0000000086000000| Untracked 
|  97|0x0000000086100000, 0x0000000086200000, 0x0000000086200000|100%| O|  |TAMS 0x0000000086100000| PB 0x0000000086100000| Untracked 
|  98|0x0000000086200000, 0x0000000086300000, 0x0000000086300000|100%| O|  |TAMS 0x0000000086200000| PB 0x0000000086200000| Untracked 
|  99|0x0000000086300000, 0x0000000086400000, 0x0000000086400000|100%| O|  |TAMS 0x0000000086300000| PB 0x0000000086300000| Untracked 
| 100|0x0000000086400000, 0x0000000086500000, 0x0000000086500000|100%| O|  |TAMS 0x0000000086400000| PB 0x0000000086400000| Untracked 
| 101|0x0000000086500000, 0x0000000086600000, 0x0000000086600000|100%| O|  |TAMS 0x0000000086500000| PB 0x0000000086500000| Untracked 
| 102|0x0000000086600000, 0x0000000086700000, 0x0000000086700000|100%| O|  |TAMS 0x0000000086600000| PB 0x0000000086600000| Untracked 
| 103|0x0000000086700000, 0x0000000086800000, 0x0000000086800000|100%| O|  |TAMS 0x0000000086700000| PB 0x0000000086700000| Untracked 
| 104|0x0000000086800000, 0x0000000086900000, 0x0000000086900000|100%| O|  |TAMS 0x0000000086800000| PB 0x0000000086800000| Untracked 
| 105|0x0000000086900000, 0x0000000086a00000, 0x0000000086a00000|100%| O|  |TAMS 0x0000000086900000| PB 0x0000000086900000| Untracked 
| 106|0x0000000086a00000, 0x0000000086b00000, 0x0000000086b00000|100%| O|  |TAMS 0x0000000086a00000| PB 0x0000000086a00000| Untracked 
| 107|0x0000000086b00000, 0x0000000086c00000, 0x0000000086c00000|100%| O|  |TAMS 0x0000000086b00000| PB 0x0000000086b00000| Untracked 
| 108|0x0000000086c00000, 0x0000000086d00000, 0x0000000086d00000|100%| O|  |TAMS 0x0000000086c00000| PB 0x0000000086c00000| Untracked 
| 109|0x0000000086d00000, 0x0000000086e00000, 0x0000000086e00000|100%| O|  |TAMS 0x0000000086d00000| PB 0x0000000086d00000| Untracked 
| 110|0x0000000086e00000, 0x0000000086f00000, 0x0000000086f00000|100%| O|  |TAMS 0x0000000086e00000| PB 0x0000000086e00000| Untracked 
| 111|0x0000000086f00000, 0x0000000087000000, 0x0000000087000000|100%| O|  |TAMS 0x0000000086f00000| PB 0x0000000086f00000| Untracked 
| 112|0x0000000087000000, 0x0000000087100000, 0x0000000087100000|100%| O|  |TAMS 0x0000000087000000| PB 0x0000000087000000| Untracked 
| 113|0x0000000087100000, 0x0000000087200000, 0x0000000087200000|100%| O|  |TAMS 0x0000000087100000| PB 0x0000000087100000| Untracked 
| 114|0x0000000087200000, 0x0000000087300000, 0x0000000087300000|100%| O|  |TAMS 0x0000000087200000| PB 0x0000000087200000| Untracked 
| 115|0x0000000087300000, 0x0000000087400000, 0x0000000087400000|100%| O|  |TAMS 0x0000000087300000| PB 0x0000000087300000| Untracked 
| 116|0x0000000087400000, 0x0000000087500000, 0x0000000087500000|100%| O|  |TAMS 0x0000000087400000| PB 0x0000000087400000| Untracked 
| 117|0x0000000087500000, 0x0000000087600000, 0x0000000087600000|100%| O|  |TAMS 0x0000000087500000| PB 0x0000000087500000| Untracked 
| 118|0x0000000087600000, 0x0000000087700000, 0x0000000087700000|100%| O|  |TAMS 0x0000000087600000| PB 0x0000000087600000| Untracked 
| 119|0x0000000087700000, 0x0000000087800000, 0x0000000087800000|100%| O|  |TAMS 0x0000000087700000| PB 0x0000000087700000| Untracked 
| 120|0x0000000087800000, 0x0000000087900000, 0x0000000087900000|100%| O|  |TAMS 0x0000000087800000| PB 0x0000000087800000| Untracked 
| 121|0x0000000087900000, 0x0000000087a00000, 0x0000000087a00000|100%| O|  |TAMS 0x0000000087900000| PB 0x0000000087900000| Untracked 
| 122|0x0000000087a00000, 0x0000000087b00000, 0x0000000087b00000|100%| O|  |TAMS 0x0000000087a00000| PB 0x0000000087a00000| Untracked 
| 123|0x0000000087b00000, 0x0000000087c00000, 0x0000000087c00000|100%| O|  |TAMS 0x0000000087b00000| PB 0x0000000087b00000| Untracked 
| 124|0x0000000087c00000, 0x0000000087d00000, 0x0000000087d00000|100%| O|  |TAMS 0x0000000087c00000| PB 0x0000000087c00000| Untracked 
| 125|0x0000000087d00000, 0x0000000087e00000, 0x0000000087e00000|100%| O|  |TAMS 0x0000000087d00000| PB 0x0000000087d00000| Untracked 
| 126|0x0000000087e00000, 0x0000000087f00000, 0x0000000087f00000|100%| O|  |TAMS 0x0000000087e00000| PB 0x0000000087e00000| Untracked 
| 127|0x0000000087f00000, 0x0000000088000000, 0x0000000088000000|100%| O|  |TAMS 0x0000000087f00000| PB 0x0000000087f00000| Untracked 
| 128|0x0000000088000000, 0x0000000088100000, 0x0000000088100000|100%| O|  |TAMS 0x0000000088000000| PB 0x0000000088000000| Untracked 
| 129|0x0000000088100000, 0x0000000088200000, 0x0000000088200000|100%| O|  |TAMS 0x0000000088100000| PB 0x0000000088100000| Untracked 
| 130|0x0000000088200000, 0x0000000088300000, 0x0000000088300000|100%| O|  |TAMS 0x0000000088200000| PB 0x0000000088200000| Untracked 
| 131|0x0000000088300000, 0x0000000088400000, 0x0000000088400000|100%| O|  |TAMS 0x0000000088300000| PB 0x0000000088300000| Untracked 
| 132|0x0000000088400000, 0x0000000088500000, 0x0000000088500000|100%| O|  |TAMS 0x0000000088400000| PB 0x0000000088400000| Untracked 
| 133|0x0000000088500000, 0x0000000088600000, 0x0000000088600000|100%| O|  |TAMS 0x0000000088500000| PB 0x0000000088500000| Untracked 
| 134|0x0000000088600000, 0x0000000088700000, 0x0000000088700000|100%| O|  |TAMS 0x0000000088600000| PB 0x0000000088600000| Untracked 
| 135|0x0000000088700000, 0x0000000088800000, 0x0000000088800000|100%| O|  |TAMS 0x0000000088700000| PB 0x0000000088700000| Untracked 
| 136|0x0000000088800000, 0x0000000088900000, 0x0000000088900000|100%| O|  |TAMS 0x0000000088800000| PB 0x0000000088800000| Untracked 
| 137|0x0000000088900000, 0x0000000088a00000, 0x0000000088a00000|100%| O|  |TAMS 0x0000000088900000| PB 0x0000000088900000| Untracked 
| 138|0x0000000088a00000, 0x0000000088b00000, 0x0000000088b00000|100%| O|  |TAMS 0x0000000088a00000| PB 0x0000000088a00000| Untracked 
| 139|0x0000000088b00000, 0x0000000088c00000, 0x0000000088c00000|100%| O|  |TAMS 0x0000000088b00000| PB 0x0000000088b00000| Untracked 
| 140|0x0000000088c00000, 0x0000000088d00000, 0x0000000088d00000|100%| O|  |TAMS 0x0000000088c00000| PB 0x0000000088c00000| Untracked 
| 141|0x0000000088d00000, 0x0000000088e00000, 0x0000000088e00000|100%| O|  |TAMS 0x0000000088d00000| PB 0x0000000088d00000| Untracked 
| 142|0x0000000088e00000, 0x0000000088f00000, 0x0000000088f00000|100%| O|  |TAMS 0x0000000088e00000| PB 0x0000000088e00000| Untracked 
| 143|0x0000000088f00000, 0x0000000089000000, 0x0000000089000000|100%| O|  |TAMS 0x0000000088f00000| PB 0x0000000088f00000| Untracked 
| 144|0x0000000089000000, 0x0000000089100000, 0x0000000089100000|100%| O|  |TAMS 0x0000000089000000| PB 0x0000000089000000| Untracked 
| 145|0x0000000089100000, 0x0000000089200000, 0x0000000089200000|100%| O|  |TAMS 0x0000000089100000| PB 0x0000000089100000| Untracked 
| 146|0x0000000089200000, 0x0000000089300000, 0x0000000089300000|100%| O|  |TAMS 0x0000000089200000| PB 0x0000000089200000| Untracked 
| 147|0x0000000089300000, 0x0000000089400000, 0x0000000089400000|100%| O|  |TAMS 0x0000000089300000| PB 0x0000000089300000| Untracked 
| 148|0x0000000089400000, 0x0000000089500000, 0x0000000089500000|100%| O|  |TAMS 0x0000000089400000| PB 0x0000000089400000| Untracked 
| 149|0x0000000089500000, 0x0000000089600000, 0x0000000089600000|100%| O|  |TAMS 0x0000000089500000| PB 0x0000000089500000| Untracked 
| 150|0x0000000089600000, 0x0000000089700000, 0x0000000089700000|100%| O|  |TAMS 0x0000000089600000| PB 0x0000000089600000| Untracked 
| 151|0x0000000089700000, 0x0000000089800000, 0x0000000089800000|100%| O|  |TAMS 0x0000000089700000| PB 0x0000000089700000| Untracked 
| 152|0x0000000089800000, 0x0000000089900000, 0x0000000089900000|100%| O|  |TAMS 0x0000000089800000| PB 0x0000000089800000| Untracked 
| 153|0x0000000089900000, 0x0000000089a00000, 0x0000000089a00000|100%| O|  |TAMS 0x0000000089900000| PB 0x0000000089900000| Untracked 
| 154|0x0000000089a00000, 0x0000000089b00000, 0x0000000089b00000|100%| O|  |TAMS 0x0000000089a00000| PB 0x0000000089a00000| Untracked 
| 155|0x0000000089b00000, 0x0000000089c00000, 0x0000000089c00000|100%| O|  |TAMS 0x0000000089b00000| PB 0x0000000089b00000| Untracked 
| 156|0x0000000089c00000, 0x0000000089d00000, 0x0000000089d00000|100%| O|  |TAMS 0x0000000089c00000| PB 0x0000000089c00000| Untracked 
| 157|0x0000000089d00000, 0x0000000089e00000, 0x0000000089e00000|100%| O|  |TAMS 0x0000000089d00000| PB 0x0000000089d00000| Untracked 
| 158|0x0000000089e00000, 0x0000000089f00000, 0x0000000089f00000|100%| O|  |TAMS 0x0000000089e00000| PB 0x0000000089e00000| Untracked 
| 159|0x0000000089f00000, 0x000000008a000000, 0x000000008a000000|100%| O|  |TAMS 0x0000000089f00000| PB 0x0000000089f00000| Untracked 
| 160|0x000000008a000000, 0x000000008a100000, 0x000000008a100000|100%|HS|  |TAMS 0x000000008a000000| PB 0x000000008a000000| Complete 
| 161|0x000000008a100000, 0x000000008a200000, 0x000000008a200000|100%| O|  |TAMS 0x000000008a100000| PB 0x000000008a100000| Untracked 
| 162|0x000000008a200000, 0x000000008a300000, 0x000000008a300000|100%| O|  |TAMS 0x000000008a200000| PB 0x000000008a200000| Untracked 
| 163|0x000000008a300000, 0x000000008a400000, 0x000000008a400000|100%| O|  |TAMS 0x000000008a300000| PB 0x000000008a300000| Untracked 
| 164|0x000000008a400000, 0x000000008a500000, 0x000000008a500000|100%| O|  |TAMS 0x000000008a400000| PB 0x000000008a400000| Untracked 
| 165|0x000000008a500000, 0x000000008a600000, 0x000000008a600000|100%| O|  |TAMS 0x000000008a500000| PB 0x000000008a500000| Untracked 
| 166|0x000000008a600000, 0x000000008a700000, 0x000000008a700000|100%| O|  |TAMS 0x000000008a600000| PB 0x000000008a600000| Untracked 
| 167|0x000000008a700000, 0x000000008a800000, 0x000000008a800000|100%| O|  |TAMS 0x000000008a700000| PB 0x000000008a700000| Untracked 
| 168|0x000000008a800000, 0x000000008a900000, 0x000000008a900000|100%| O|  |TAMS 0x000000008a800000| PB 0x000000008a800000| Untracked 
| 169|0x000000008a900000, 0x000000008aa00000, 0x000000008aa00000|100%| O|  |TAMS 0x000000008a900000| PB 0x000000008a900000| Untracked 
| 170|0x000000008aa00000, 0x000000008ab00000, 0x000000008ab00000|100%| O|  |TAMS 0x000000008aa00000| PB 0x000000008aa00000| Untracked 
| 171|0x000000008ab00000, 0x000000008ac00000, 0x000000008ac00000|100%| O|  |TAMS 0x000000008ab00000| PB 0x000000008ab00000| Untracked 
| 172|0x000000008ac00000, 0x000000008ad00000, 0x000000008ad00000|100%| O|  |TAMS 0x000000008ac00000| PB 0x000000008ac00000| Untracked 
| 173|0x000000008ad00000, 0x000000008ae00000, 0x000000008ae00000|100%| O|  |TAMS 0x000000008ad00000| PB 0x000000008ad00000| Untracked 
| 174|0x000000008ae00000, 0x000000008af00000, 0x000000008af00000|100%| O|  |TAMS 0x000000008ae00000| PB 0x000000008ae00000| Untracked 
| 175|0x000000008af00000, 0x000000008b000000, 0x000000008b000000|100%| O|  |TAMS 0x000000008af00000| PB 0x000000008af00000| Untracked 
| 176|0x000000008b000000, 0x000000008b100000, 0x000000008b100000|100%| O|  |TAMS 0x000000008b000000| PB 0x000000008b000000| Untracked 
| 177|0x000000008b100000, 0x000000008b200000, 0x000000008b200000|100%| O|  |TAMS 0x000000008b100000| PB 0x000000008b100000| Untracked 
| 178|0x000000008b200000, 0x000000008b300000, 0x000000008b300000|100%| O|  |TAMS 0x000000008b200000| PB 0x000000008b200000| Untracked 
| 179|0x000000008b300000, 0x000000008b400000, 0x000000008b400000|100%| O|  |TAMS 0x000000008b300000| PB 0x000000008b300000| Untracked 
| 180|0x000000008b400000, 0x000000008b500000, 0x000000008b500000|100%| O|  |TAMS 0x000000008b400000| PB 0x000000008b400000| Untracked 
| 181|0x000000008b500000, 0x000000008b600000, 0x000000008b600000|100%| O|  |TAMS 0x000000008b500000| PB 0x000000008b500000| Untracked 
| 182|0x000000008b600000, 0x000000008b700000, 0x000000008b700000|100%| O|  |TAMS 0x000000008b600000| PB 0x000000008b600000| Untracked 
| 183|0x000000008b700000, 0x000000008b800000, 0x000000008b800000|100%| O|  |TAMS 0x000000008b700000| PB 0x000000008b700000| Untracked 
| 184|0x000000008b800000, 0x000000008b900000, 0x000000008b900000|100%| O|  |TAMS 0x000000008b800000| PB 0x000000008b800000| Untracked 
| 185|0x000000008b900000, 0x000000008ba00000, 0x000000008ba00000|100%| O|  |TAMS 0x000000008b900000| PB 0x000000008b900000| Untracked 
| 186|0x000000008ba00000, 0x000000008bb00000, 0x000000008bb00000|100%| O|  |TAMS 0x000000008ba00000| PB 0x000000008ba00000| Untracked 
| 187|0x000000008bb00000, 0x000000008bc00000, 0x000000008bc00000|100%| O|  |TAMS 0x000000008bb00000| PB 0x000000008bb00000| Untracked 
| 188|0x000000008bc00000, 0x000000008bd00000, 0x000000008bd00000|100%| O|  |TAMS 0x000000008bc00000| PB 0x000000008bc00000| Untracked 
| 189|0x000000008bd00000, 0x000000008be00000, 0x000000008be00000|100%| O|  |TAMS 0x000000008bd00000| PB 0x000000008bd00000| Untracked 
| 190|0x000000008be00000, 0x000000008bf00000, 0x000000008bf00000|100%| O|  |TAMS 0x000000008be00000| PB 0x000000008be00000| Untracked 
| 191|0x000000008bf00000, 0x000000008c000000, 0x000000008c000000|100%| O|  |TAMS 0x000000008bf00000| PB 0x000000008bf00000| Untracked 
| 192|0x000000008c000000, 0x000000008c100000, 0x000000008c100000|100%| O|  |TAMS 0x000000008c000000| PB 0x000000008c000000| Untracked 
| 193|0x000000008c100000, 0x000000008c200000, 0x000000008c200000|100%|HS|  |TAMS 0x000000008c100000| PB 0x000000008c100000| Complete 
| 194|0x000000008c200000, 0x000000008c300000, 0x000000008c300000|100%|HC|  |TAMS 0x000000008c200000| PB 0x000000008c200000| Complete 
| 195|0x000000008c300000, 0x000000008c400000, 0x000000008c400000|100%|HC|  |TAMS 0x000000008c300000| PB 0x000000008c300000| Complete 
| 196|0x000000008c400000, 0x000000008c500000, 0x000000008c500000|100%| O|  |TAMS 0x000000008c400000| PB 0x000000008c400000| Untracked 
| 197|0x000000008c500000, 0x000000008c600000, 0x000000008c600000|100%| O|  |TAMS 0x000000008c500000| PB 0x000000008c500000| Untracked 
| 198|0x000000008c600000, 0x000000008c700000, 0x000000008c700000|100%| O|  |TAMS 0x000000008c600000| PB 0x000000008c600000| Untracked 
| 199|0x000000008c700000, 0x000000008c800000, 0x000000008c800000|100%| O|  |TAMS 0x000000008c700000| PB 0x000000008c700000| Untracked 
| 200|0x000000008c800000, 0x000000008c900000, 0x000000008c900000|100%| O|  |TAMS 0x000000008c800000| PB 0x000000008c800000| Untracked 
| 201|0x000000008c900000, 0x000000008ca00000, 0x000000008ca00000|100%| O|  |TAMS 0x000000008c900000| PB 0x000000008c900000| Untracked 
| 202|0x000000008ca00000, 0x000000008cb00000, 0x000000008cb00000|100%| O|  |TAMS 0x000000008ca00000| PB 0x000000008ca00000| Untracked 
| 203|0x000000008cb00000, 0x000000008cc00000, 0x000000008cc00000|100%| O|  |TAMS 0x000000008cb00000| PB 0x000000008cb00000| Untracked 
| 204|0x000000008cc00000, 0x000000008cd00000, 0x000000008cd00000|100%| O|  |TAMS 0x000000008cc00000| PB 0x000000008cc00000| Untracked 
| 205|0x000000008cd00000, 0x000000008ce00000, 0x000000008ce00000|100%| O|  |TAMS 0x000000008cd00000| PB 0x000000008cd00000| Untracked 
| 206|0x000000008ce00000, 0x000000008cf00000, 0x000000008cf00000|100%| O|  |TAMS 0x000000008ce00000| PB 0x000000008ce00000| Untracked 
| 207|0x000000008cf00000, 0x000000008d000000, 0x000000008d000000|100%| O|  |TAMS 0x000000008cf00000| PB 0x000000008cf00000| Untracked 
| 208|0x000000008d000000, 0x000000008d100000, 0x000000008d100000|100%| O|  |TAMS 0x000000008d000000| PB 0x000000008d000000| Untracked 
| 209|0x000000008d100000, 0x000000008d200000, 0x000000008d200000|100%| O|  |TAMS 0x000000008d100000| PB 0x000000008d100000| Untracked 
| 210|0x000000008d200000, 0x000000008d300000, 0x000000008d300000|100%| O|  |TAMS 0x000000008d200000| PB 0x000000008d200000| Untracked 
| 211|0x000000008d300000, 0x000000008d400000, 0x000000008d400000|100%| O|  |TAMS 0x000000008d300000| PB 0x000000008d300000| Untracked 
| 212|0x000000008d400000, 0x000000008d500000, 0x000000008d500000|100%| O|  |TAMS 0x000000008d400000| PB 0x000000008d400000| Untracked 
| 213|0x000000008d500000, 0x000000008d600000, 0x000000008d600000|100%| O|  |TAMS 0x000000008d500000| PB 0x000000008d500000| Untracked 
| 214|0x000000008d600000, 0x000000008d700000, 0x000000008d700000|100%| O|  |TAMS 0x000000008d600000| PB 0x000000008d600000| Untracked 
| 215|0x000000008d700000, 0x000000008d800000, 0x000000008d800000|100%| O|  |TAMS 0x000000008d700000| PB 0x000000008d700000| Untracked 
| 216|0x000000008d800000, 0x000000008d900000, 0x000000008d900000|100%| O|  |TAMS 0x000000008d800000| PB 0x000000008d800000| Untracked 
| 217|0x000000008d900000, 0x000000008da00000, 0x000000008da00000|100%| O|  |TAMS 0x000000008d900000| PB 0x000000008d900000| Untracked 
| 218|0x000000008da00000, 0x000000008db00000, 0x000000008db00000|100%| O|  |TAMS 0x000000008da00000| PB 0x000000008da00000| Untracked 
| 219|0x000000008db00000, 0x000000008dc00000, 0x000000008dc00000|100%| O|  |TAMS 0x000000008db00000| PB 0x000000008db00000| Untracked 
| 220|0x000000008dc00000, 0x000000008dd00000, 0x000000008dd00000|100%| O|  |TAMS 0x000000008dc00000| PB 0x000000008dc00000| Untracked 
| 221|0x000000008dd00000, 0x000000008de00000, 0x000000008de00000|100%| O|  |TAMS 0x000000008dd00000| PB 0x000000008dd00000| Untracked 
| 222|0x000000008de00000, 0x000000008df00000, 0x000000008df00000|100%| O|  |TAMS 0x000000008de00000| PB 0x000000008de00000| Untracked 
| 223|0x000000008df00000, 0x000000008e000000, 0x000000008e000000|100%| O|  |TAMS 0x000000008df00000| PB 0x000000008df00000| Untracked 
| 224|0x000000008e000000, 0x000000008e100000, 0x000000008e100000|100%| O|  |TAMS 0x000000008e000000| PB 0x000000008e000000| Untracked 
| 225|0x000000008e100000, 0x000000008e200000, 0x000000008e200000|100%| O|  |TAMS 0x000000008e100000| PB 0x000000008e100000| Untracked 
| 226|0x000000008e200000, 0x000000008e300000, 0x000000008e300000|100%| O|  |TAMS 0x000000008e200000| PB 0x000000008e200000| Untracked 
| 227|0x000000008e300000, 0x000000008e400000, 0x000000008e400000|100%| O|  |TAMS 0x000000008e300000| PB 0x000000008e300000| Untracked 
| 228|0x000000008e400000, 0x000000008e500000, 0x000000008e500000|100%| O|  |TAMS 0x000000008e400000| PB 0x000000008e400000| Untracked 
| 229|0x000000008e500000, 0x000000008e600000, 0x000000008e600000|100%| O|  |TAMS 0x000000008e500000| PB 0x000000008e500000| Untracked 
| 230|0x000000008e600000, 0x000000008e700000, 0x000000008e700000|100%| O|  |TAMS 0x000000008e600000| PB 0x000000008e600000| Untracked 
| 231|0x000000008e700000, 0x000000008e800000, 0x000000008e800000|100%| O|  |TAMS 0x000000008e700000| PB 0x000000008e700000| Untracked 
| 232|0x000000008e800000, 0x000000008e900000, 0x000000008e900000|100%| O|  |TAMS 0x000000008e800000| PB 0x000000008e800000| Untracked 
| 233|0x000000008e900000, 0x000000008ea00000, 0x000000008ea00000|100%| O|  |TAMS 0x000000008e900000| PB 0x000000008e900000| Untracked 
| 234|0x000000008ea00000, 0x000000008eb00000, 0x000000008eb00000|100%| O|  |TAMS 0x000000008ea00000| PB 0x000000008ea00000| Untracked 
| 235|0x000000008eb00000, 0x000000008ec00000, 0x000000008ec00000|100%| O|  |TAMS 0x000000008eb00000| PB 0x000000008eb00000| Untracked 
| 236|0x000000008ec00000, 0x000000008ed00000, 0x000000008ed00000|100%| O|  |TAMS 0x000000008ec00000| PB 0x000000008ec00000| Untracked 
| 237|0x000000008ed00000, 0x000000008ee00000, 0x000000008ee00000|100%| O|  |TAMS 0x000000008ed00000| PB 0x000000008ed00000| Untracked 
| 238|0x000000008ee00000, 0x000000008ef00000, 0x000000008ef00000|100%| O|  |TAMS 0x000000008ee00000| PB 0x000000008ee00000| Untracked 
| 239|0x000000008ef00000, 0x000000008f000000, 0x000000008f000000|100%| O|  |TAMS 0x000000008ef00000| PB 0x000000008ef00000| Untracked 
| 240|0x000000008f000000, 0x000000008f100000, 0x000000008f100000|100%| O|  |TAMS 0x000000008f000000| PB 0x000000008f000000| Untracked 
| 241|0x000000008f100000, 0x000000008f200000, 0x000000008f200000|100%| O|  |TAMS 0x000000008f100000| PB 0x000000008f100000| Untracked 
| 242|0x000000008f200000, 0x000000008f300000, 0x000000008f300000|100%| O|  |TAMS 0x000000008f200000| PB 0x000000008f200000| Untracked 
| 243|0x000000008f300000, 0x000000008f400000, 0x000000008f400000|100%| O|  |TAMS 0x000000008f300000| PB 0x000000008f300000| Untracked 
| 244|0x000000008f400000, 0x000000008f500000, 0x000000008f500000|100%| O|  |TAMS 0x000000008f400000| PB 0x000000008f400000| Untracked 
| 245|0x000000008f500000, 0x000000008f600000, 0x000000008f600000|100%| O|  |TAMS 0x000000008f500000| PB 0x000000008f500000| Untracked 
| 246|0x000000008f600000, 0x000000008f700000, 0x000000008f700000|100%| O|  |TAMS 0x000000008f600000| PB 0x000000008f600000| Untracked 
| 247|0x000000008f700000, 0x000000008f800000, 0x000000008f800000|100%| O|  |TAMS 0x000000008f700000| PB 0x000000008f700000| Untracked 
| 248|0x000000008f800000, 0x000000008f900000, 0x000000008f900000|100%| O|  |TAMS 0x000000008f800000| PB 0x000000008f800000| Untracked 
| 249|0x000000008f900000, 0x000000008fa00000, 0x000000008fa00000|100%| O|  |TAMS 0x000000008f900000| PB 0x000000008f900000| Untracked 
| 250|0x000000008fa00000, 0x000000008fb00000, 0x000000008fb00000|100%| O|  |TAMS 0x000000008fa00000| PB 0x000000008fa00000| Untracked 
| 251|0x000000008fb00000, 0x000000008fc00000, 0x000000008fc00000|100%| O|  |TAMS 0x000000008fb00000| PB 0x000000008fb00000| Untracked 
| 252|0x000000008fc00000, 0x000000008fd00000, 0x000000008fd00000|100%| O|  |TAMS 0x000000008fc00000| PB 0x000000008fc00000| Untracked 
| 253|0x000000008fd00000, 0x000000008fe00000, 0x000000008fe00000|100%| O|  |TAMS 0x000000008fd00000| PB 0x000000008fd00000| Untracked 
| 254|0x000000008fe00000, 0x000000008ff00000, 0x000000008ff00000|100%| O|  |TAMS 0x000000008fe00000| PB 0x000000008fe00000| Untracked 
| 255|0x000000008ff00000, 0x0000000090000000, 0x0000000090000000|100%| O|  |TAMS 0x000000008ff00000| PB 0x000000008ff00000| Untracked 
| 256|0x0000000090000000, 0x0000000090100000, 0x0000000090100000|100%| O|  |TAMS 0x0000000090000000| PB 0x0000000090000000| Untracked 
| 257|0x0000000090100000, 0x0000000090200000, 0x0000000090200000|100%| O|  |TAMS 0x0000000090100000| PB 0x0000000090100000| Untracked 
| 258|0x0000000090200000, 0x0000000090300000, 0x0000000090300000|100%| O|  |TAMS 0x0000000090200000| PB 0x0000000090200000| Untracked 
| 259|0x0000000090300000, 0x0000000090400000, 0x0000000090400000|100%| O|  |TAMS 0x0000000090300000| PB 0x0000000090300000| Untracked 
| 260|0x0000000090400000, 0x0000000090500000, 0x0000000090500000|100%| O|  |TAMS 0x0000000090400000| PB 0x0000000090400000| Untracked 
| 261|0x0000000090500000, 0x0000000090600000, 0x0000000090600000|100%| O|  |TAMS 0x0000000090500000| PB 0x0000000090500000| Untracked 
| 262|0x0000000090600000, 0x0000000090700000, 0x0000000090700000|100%| O|  |TAMS 0x0000000090600000| PB 0x0000000090600000| Untracked 
| 263|0x0000000090700000, 0x0000000090800000, 0x0000000090800000|100%| O|  |TAMS 0x0000000090700000| PB 0x0000000090700000| Untracked 
| 264|0x0000000090800000, 0x0000000090900000, 0x0000000090900000|100%| O|  |TAMS 0x0000000090800000| PB 0x0000000090800000| Untracked 
| 265|0x0000000090900000, 0x0000000090a00000, 0x0000000090a00000|100%| O|  |TAMS 0x0000000090900000| PB 0x0000000090900000| Untracked 
| 266|0x0000000090a00000, 0x0000000090b00000, 0x0000000090b00000|100%| O|  |TAMS 0x0000000090a00000| PB 0x0000000090a00000| Untracked 
| 267|0x0000000090b00000, 0x0000000090c00000, 0x0000000090c00000|100%| O|  |TAMS 0x0000000090b00000| PB 0x0000000090b00000| Untracked 
| 268|0x0000000090c00000, 0x0000000090d00000, 0x0000000090d00000|100%| O|  |TAMS 0x0000000090c00000| PB 0x0000000090c00000| Untracked 
| 269|0x0000000090d00000, 0x0000000090e00000, 0x0000000090e00000|100%| O|  |TAMS 0x0000000090d00000| PB 0x0000000090d00000| Untracked 
| 270|0x0000000090e00000, 0x0000000090f00000, 0x0000000090f00000|100%| O|  |TAMS 0x0000000090e00000| PB 0x0000000090e00000| Untracked 
| 271|0x0000000090f00000, 0x0000000091000000, 0x0000000091000000|100%| O|  |TAMS 0x0000000090f00000| PB 0x0000000090f00000| Untracked 
| 272|0x0000000091000000, 0x0000000091100000, 0x0000000091100000|100%| O|  |TAMS 0x0000000091000000| PB 0x0000000091000000| Untracked 
| 273|0x0000000091100000, 0x0000000091200000, 0x0000000091200000|100%| O|  |TAMS 0x0000000091100000| PB 0x0000000091100000| Untracked 
| 274|0x0000000091200000, 0x0000000091300000, 0x0000000091300000|100%| O|  |TAMS 0x0000000091200000| PB 0x0000000091200000| Untracked 
| 275|0x0000000091300000, 0x0000000091400000, 0x0000000091400000|100%| O|  |TAMS 0x0000000091300000| PB 0x0000000091300000| Untracked 
| 276|0x0000000091400000, 0x0000000091500000, 0x0000000091500000|100%| O|  |TAMS 0x0000000091400000| PB 0x0000000091400000| Untracked 
| 277|0x0000000091500000, 0x0000000091600000, 0x0000000091600000|100%| O|  |TAMS 0x0000000091500000| PB 0x0000000091500000| Untracked 
| 278|0x0000000091600000, 0x0000000091700000, 0x0000000091700000|100%| O|  |TAMS 0x0000000091600000| PB 0x0000000091600000| Untracked 
| 279|0x0000000091700000, 0x0000000091800000, 0x0000000091800000|100%| O|  |TAMS 0x0000000091700000| PB 0x0000000091700000| Untracked 
| 280|0x0000000091800000, 0x0000000091900000, 0x0000000091900000|100%| O|  |TAMS 0x0000000091800000| PB 0x0000000091800000| Untracked 
| 281|0x0000000091900000, 0x0000000091a00000, 0x0000000091a00000|100%| O|  |TAMS 0x0000000091900000| PB 0x0000000091900000| Untracked 
| 282|0x0000000091a00000, 0x0000000091b00000, 0x0000000091b00000|100%| O|  |TAMS 0x0000000091a00000| PB 0x0000000091a00000| Untracked 
| 283|0x0000000091b00000, 0x0000000091c00000, 0x0000000091c00000|100%| O|  |TAMS 0x0000000091b00000| PB 0x0000000091b00000| Untracked 
| 284|0x0000000091c00000, 0x0000000091d00000, 0x0000000091d00000|100%| O|  |TAMS 0x0000000091c00000| PB 0x0000000091c00000| Untracked 
| 285|0x0000000091d00000, 0x0000000091e00000, 0x0000000091e00000|100%| O|  |TAMS 0x0000000091d00000| PB 0x0000000091d00000| Untracked 
| 286|0x0000000091e00000, 0x0000000091f00000, 0x0000000091f00000|100%| O|  |TAMS 0x0000000091e00000| PB 0x0000000091e00000| Untracked 
| 287|0x0000000091f00000, 0x0000000092000000, 0x0000000092000000|100%| O|  |TAMS 0x0000000091f00000| PB 0x0000000091f00000| Untracked 
| 288|0x0000000092000000, 0x0000000092100000, 0x0000000092100000|100%| O|  |TAMS 0x0000000092000000| PB 0x0000000092000000| Untracked 
| 289|0x0000000092100000, 0x0000000092200000, 0x0000000092200000|100%| O|  |TAMS 0x0000000092100000| PB 0x0000000092100000| Untracked 
| 290|0x0000000092200000, 0x0000000092300000, 0x0000000092300000|100%| O|  |TAMS 0x0000000092200000| PB 0x0000000092200000| Untracked 
| 291|0x0000000092300000, 0x0000000092400000, 0x0000000092400000|100%| O|  |TAMS 0x0000000092300000| PB 0x0000000092300000| Untracked 
| 292|0x0000000092400000, 0x0000000092500000, 0x0000000092500000|100%| O|  |TAMS 0x0000000092400000| PB 0x0000000092400000| Untracked 
| 293|0x0000000092500000, 0x0000000092600000, 0x0000000092600000|100%| O|  |TAMS 0x0000000092500000| PB 0x0000000092500000| Untracked 
| 294|0x0000000092600000, 0x0000000092700000, 0x0000000092700000|100%| O|  |TAMS 0x0000000092600000| PB 0x0000000092600000| Untracked 
| 295|0x0000000092700000, 0x0000000092800000, 0x0000000092800000|100%| O|  |TAMS 0x0000000092700000| PB 0x0000000092700000| Untracked 
| 296|0x0000000092800000, 0x0000000092900000, 0x0000000092900000|100%| O|  |TAMS 0x0000000092800000| PB 0x0000000092800000| Untracked 
| 297|0x0000000092900000, 0x0000000092a00000, 0x0000000092a00000|100%| O|  |TAMS 0x0000000092900000| PB 0x0000000092900000| Untracked 
| 298|0x0000000092a00000, 0x0000000092b00000, 0x0000000092b00000|100%| O|  |TAMS 0x0000000092a00000| PB 0x0000000092a00000| Untracked 
| 299|0x0000000092b00000, 0x0000000092c00000, 0x0000000092c00000|100%| O|  |TAMS 0x0000000092b00000| PB 0x0000000092b00000| Untracked 
| 300|0x0000000092c00000, 0x0000000092d00000, 0x0000000092d00000|100%| O|  |TAMS 0x0000000092c00000| PB 0x0000000092c00000| Untracked 
| 301|0x0000000092d00000, 0x0000000092e00000, 0x0000000092e00000|100%| O|  |TAMS 0x0000000092d00000| PB 0x0000000092d00000| Untracked 
| 302|0x0000000092e00000, 0x0000000092f00000, 0x0000000092f00000|100%| O|  |TAMS 0x0000000092e00000| PB 0x0000000092e00000| Untracked 
| 303|0x0000000092f00000, 0x0000000093000000, 0x0000000093000000|100%| O|  |TAMS 0x0000000092f00000| PB 0x0000000092f00000| Untracked 
| 304|0x0000000093000000, 0x0000000093100000, 0x0000000093100000|100%| O|  |TAMS 0x0000000093000000| PB 0x0000000093000000| Untracked 
| 305|0x0000000093100000, 0x0000000093200000, 0x0000000093200000|100%| O|  |TAMS 0x0000000093100000| PB 0x0000000093100000| Untracked 
| 306|0x0000000093200000, 0x0000000093300000, 0x0000000093300000|100%| O|  |TAMS 0x0000000093200000| PB 0x0000000093200000| Untracked 
| 307|0x0000000093300000, 0x0000000093400000, 0x0000000093400000|100%| O|  |TAMS 0x0000000093300000| PB 0x0000000093300000| Untracked 
| 308|0x0000000093400000, 0x0000000093500000, 0x0000000093500000|100%| O|  |TAMS 0x0000000093400000| PB 0x0000000093400000| Untracked 
| 309|0x0000000093500000, 0x0000000093600000, 0x0000000093600000|100%| O|  |TAMS 0x0000000093500000| PB 0x0000000093500000| Untracked 
| 310|0x0000000093600000, 0x0000000093700000, 0x0000000093700000|100%| O|  |TAMS 0x0000000093600000| PB 0x0000000093600000| Untracked 
| 311|0x0000000093700000, 0x0000000093800000, 0x0000000093800000|100%| O|  |TAMS 0x0000000093700000| PB 0x0000000093700000| Untracked 
| 312|0x0000000093800000, 0x0000000093900000, 0x0000000093900000|100%| O|  |TAMS 0x0000000093800000| PB 0x0000000093800000| Untracked 
| 313|0x0000000093900000, 0x0000000093a00000, 0x0000000093a00000|100%| O|  |TAMS 0x0000000093900000| PB 0x0000000093900000| Untracked 
| 314|0x0000000093a00000, 0x0000000093b00000, 0x0000000093b00000|100%| O|  |TAMS 0x0000000093a00000| PB 0x0000000093a00000| Untracked 
| 315|0x0000000093b00000, 0x0000000093c00000, 0x0000000093c00000|100%| O|  |TAMS 0x0000000093b00000| PB 0x0000000093b00000| Untracked 
| 316|0x0000000093c00000, 0x0000000093d00000, 0x0000000093d00000|100%| O|  |TAMS 0x0000000093c00000| PB 0x0000000093c00000| Untracked 
| 317|0x0000000093d00000, 0x0000000093e00000, 0x0000000093e00000|100%| O|  |TAMS 0x0000000093d00000| PB 0x0000000093d00000| Untracked 
| 318|0x0000000093e00000, 0x0000000093f00000, 0x0000000093f00000|100%| O|  |TAMS 0x0000000093e00000| PB 0x0000000093e00000| Untracked 
| 319|0x0000000093f00000, 0x0000000094000000, 0x0000000094000000|100%| O|  |TAMS 0x0000000093f00000| PB 0x0000000093f00000| Untracked 
| 320|0x0000000094000000, 0x0000000094100000, 0x0000000094100000|100%| O|  |TAMS 0x0000000094000000| PB 0x0000000094000000| Untracked 
| 321|0x0000000094100000, 0x0000000094200000, 0x0000000094200000|100%| O|  |TAMS 0x0000000094100000| PB 0x0000000094100000| Untracked 
| 322|0x0000000094200000, 0x0000000094300000, 0x0000000094300000|100%| O|  |TAMS 0x0000000094200000| PB 0x0000000094200000| Untracked 
| 323|0x0000000094300000, 0x0000000094400000, 0x0000000094400000|100%| O|  |TAMS 0x0000000094300000| PB 0x0000000094300000| Untracked 
| 324|0x0000000094400000, 0x0000000094500000, 0x0000000094500000|100%| O|  |TAMS 0x0000000094400000| PB 0x0000000094400000| Untracked 
| 325|0x0000000094500000, 0x0000000094600000, 0x0000000094600000|100%| O|  |TAMS 0x0000000094500000| PB 0x0000000094500000| Untracked 
| 326|0x0000000094600000, 0x0000000094700000, 0x0000000094700000|100%| O|  |TAMS 0x0000000094600000| PB 0x0000000094600000| Untracked 
| 327|0x0000000094700000, 0x0000000094800000, 0x0000000094800000|100%| O|  |TAMS 0x0000000094700000| PB 0x0000000094700000| Untracked 
| 328|0x0000000094800000, 0x0000000094900000, 0x0000000094900000|100%| O|  |TAMS 0x0000000094800000| PB 0x0000000094800000| Untracked 
| 329|0x0000000094900000, 0x0000000094a00000, 0x0000000094a00000|100%| O|  |TAMS 0x0000000094900000| PB 0x0000000094900000| Untracked 
| 330|0x0000000094a00000, 0x0000000094b00000, 0x0000000094b00000|100%| O|  |TAMS 0x0000000094a00000| PB 0x0000000094a00000| Untracked 
| 331|0x0000000094b00000, 0x0000000094c00000, 0x0000000094c00000|100%| O|  |TAMS 0x0000000094b00000| PB 0x0000000094b00000| Untracked 
| 332|0x0000000094c00000, 0x0000000094d00000, 0x0000000094d00000|100%| O|  |TAMS 0x0000000094c00000| PB 0x0000000094c00000| Untracked 
| 333|0x0000000094d00000, 0x0000000094e00000, 0x0000000094e00000|100%| O|  |TAMS 0x0000000094d00000| PB 0x0000000094d00000| Untracked 
| 334|0x0000000094e00000, 0x0000000094f00000, 0x0000000094f00000|100%| O|  |TAMS 0x0000000094e00000| PB 0x0000000094e00000| Untracked 
| 335|0x0000000094f00000, 0x0000000095000000, 0x0000000095000000|100%| O|  |TAMS 0x0000000094f00000| PB 0x0000000094f00000| Untracked 
| 336|0x0000000095000000, 0x0000000095100000, 0x0000000095100000|100%| O|  |TAMS 0x0000000095000000| PB 0x0000000095000000| Untracked 
| 337|0x0000000095100000, 0x0000000095200000, 0x0000000095200000|100%| O|  |TAMS 0x0000000095100000| PB 0x0000000095100000| Untracked 
| 338|0x0000000095200000, 0x0000000095300000, 0x0000000095300000|100%| O|  |TAMS 0x0000000095200000| PB 0x0000000095200000| Untracked 
| 339|0x0000000095300000, 0x0000000095300000, 0x0000000095400000|  0%| F|  |TAMS 0x0000000095300000| PB 0x0000000095300000| Untracked 
| 340|0x0000000095400000, 0x0000000095500000, 0x0000000095500000|100%| O|  |TAMS 0x0000000095400000| PB 0x0000000095400000| Untracked 
| 341|0x0000000095500000, 0x0000000095600000, 0x0000000095600000|100%| O|  |TAMS 0x0000000095500000| PB 0x0000000095500000| Untracked 
| 342|0x0000000095600000, 0x0000000095700000, 0x0000000095700000|100%| O|  |TAMS 0x0000000095600000| PB 0x0000000095600000| Untracked 
| 343|0x0000000095700000, 0x0000000095800000, 0x0000000095800000|100%| O|  |TAMS 0x0000000095700000| PB 0x0000000095700000| Untracked 
| 344|0x0000000095800000, 0x0000000095900000, 0x0000000095900000|100%| O|  |TAMS 0x0000000095800000| PB 0x0000000095800000| Untracked 
| 345|0x0000000095900000, 0x0000000095a00000, 0x0000000095a00000|100%| O|  |TAMS 0x0000000095900000| PB 0x0000000095900000| Untracked 
| 346|0x0000000095a00000, 0x0000000095b00000, 0x0000000095b00000|100%| O|  |TAMS 0x0000000095a00000| PB 0x0000000095a00000| Untracked 
| 347|0x0000000095b00000, 0x0000000095c00000, 0x0000000095c00000|100%| O|  |TAMS 0x0000000095b00000| PB 0x0000000095b00000| Untracked 
| 348|0x0000000095c00000, 0x0000000095d00000, 0x0000000095d00000|100%| O|  |TAMS 0x0000000095c00000| PB 0x0000000095c00000| Untracked 
| 349|0x0000000095d00000, 0x0000000095e00000, 0x0000000095e00000|100%| O|  |TAMS 0x0000000095d00000| PB 0x0000000095d00000| Untracked 
| 350|0x0000000095e00000, 0x0000000095f00000, 0x0000000095f00000|100%| O|  |TAMS 0x0000000095e00000| PB 0x0000000095e00000| Untracked 
| 351|0x0000000095f00000, 0x0000000096000000, 0x0000000096000000|100%| O|  |TAMS 0x0000000095f00000| PB 0x0000000095f00000| Untracked 
| 352|0x0000000096000000, 0x0000000096100000, 0x0000000096100000|100%| O|  |TAMS 0x0000000096000000| PB 0x0000000096000000| Untracked 
| 353|0x0000000096100000, 0x0000000096200000, 0x0000000096200000|100%| O|  |TAMS 0x0000000096100000| PB 0x0000000096100000| Untracked 
| 354|0x0000000096200000, 0x0000000096300000, 0x0000000096300000|100%| O|  |TAMS 0x0000000096200000| PB 0x0000000096200000| Untracked 
| 355|0x0000000096300000, 0x0000000096400000, 0x0000000096400000|100%| O|  |TAMS 0x0000000096300000| PB 0x0000000096300000| Untracked 
| 356|0x0000000096400000, 0x0000000096500000, 0x0000000096500000|100%| O|  |TAMS 0x0000000096400000| PB 0x0000000096400000| Untracked 
| 357|0x0000000096500000, 0x0000000096600000, 0x0000000096600000|100%| O|  |TAMS 0x0000000096500000| PB 0x0000000096500000| Untracked 
| 358|0x0000000096600000, 0x0000000096700000, 0x0000000096700000|100%| O|  |TAMS 0x0000000096600000| PB 0x0000000096600000| Untracked 
| 359|0x0000000096700000, 0x0000000096800000, 0x0000000096800000|100%| O|  |TAMS 0x0000000096700000| PB 0x0000000096700000| Untracked 
| 360|0x0000000096800000, 0x0000000096900000, 0x0000000096900000|100%| O|  |TAMS 0x0000000096800000| PB 0x0000000096800000| Untracked 
| 361|0x0000000096900000, 0x0000000096a00000, 0x0000000096a00000|100%| O|  |TAMS 0x0000000096900000| PB 0x0000000096900000| Untracked 
| 362|0x0000000096a00000, 0x0000000096b00000, 0x0000000096b00000|100%| O|  |TAMS 0x0000000096a00000| PB 0x0000000096a00000| Untracked 
| 363|0x0000000096b00000, 0x0000000096c00000, 0x0000000096c00000|100%| O|  |TAMS 0x0000000096b00000| PB 0x0000000096b00000| Untracked 
| 364|0x0000000096c00000, 0x0000000096d00000, 0x0000000096d00000|100%| O|  |TAMS 0x0000000096c00000| PB 0x0000000096c00000| Untracked 
| 365|0x0000000096d00000, 0x0000000096e00000, 0x0000000096e00000|100%| O|  |TAMS 0x0000000096d00000| PB 0x0000000096d00000| Untracked 
| 366|0x0000000096e00000, 0x0000000096f00000, 0x0000000096f00000|100%| O|  |TAMS 0x0000000096e00000| PB 0x0000000096e00000| Untracked 
| 367|0x0000000096f00000, 0x0000000097000000, 0x0000000097000000|100%| O|  |TAMS 0x0000000096f00000| PB 0x0000000096f00000| Untracked 
| 368|0x0000000097000000, 0x0000000097100000, 0x0000000097100000|100%| O|  |TAMS 0x0000000097000000| PB 0x0000000097000000| Untracked 
| 369|0x0000000097100000, 0x0000000097200000, 0x0000000097200000|100%| O|  |TAMS 0x0000000097100000| PB 0x0000000097100000| Untracked 
| 370|0x0000000097200000, 0x0000000097300000, 0x0000000097300000|100%| O|  |TAMS 0x0000000097200000| PB 0x0000000097200000| Untracked 
| 371|0x0000000097300000, 0x0000000097400000, 0x0000000097400000|100%| O|  |TAMS 0x0000000097300000| PB 0x0000000097300000| Untracked 
| 372|0x0000000097400000, 0x0000000097500000, 0x0000000097500000|100%| O|  |TAMS 0x0000000097400000| PB 0x0000000097400000| Untracked 
| 373|0x0000000097500000, 0x0000000097600000, 0x0000000097600000|100%| O|  |TAMS 0x0000000097500000| PB 0x0000000097500000| Untracked 
| 374|0x0000000097600000, 0x0000000097700000, 0x0000000097700000|100%| O|  |TAMS 0x0000000097600000| PB 0x0000000097600000| Untracked 
| 375|0x0000000097700000, 0x0000000097800000, 0x0000000097800000|100%| O|  |TAMS 0x0000000097700000| PB 0x0000000097700000| Untracked 
| 376|0x0000000097800000, 0x0000000097900000, 0x0000000097900000|100%| O|  |TAMS 0x0000000097800000| PB 0x0000000097800000| Untracked 
| 377|0x0000000097900000, 0x0000000097a00000, 0x0000000097a00000|100%| O|  |TAMS 0x0000000097900000| PB 0x0000000097900000| Untracked 
| 378|0x0000000097a00000, 0x0000000097b00000, 0x0000000097b00000|100%| O|  |TAMS 0x0000000097a00000| PB 0x0000000097a00000| Untracked 
| 379|0x0000000097b00000, 0x0000000097c00000, 0x0000000097c00000|100%| O|  |TAMS 0x0000000097b00000| PB 0x0000000097b00000| Untracked 
| 380|0x0000000097c00000, 0x0000000097d00000, 0x0000000097d00000|100%| O|  |TAMS 0x0000000097c00000| PB 0x0000000097c00000| Untracked 
| 381|0x0000000097d00000, 0x0000000097e00000, 0x0000000097e00000|100%| O|  |TAMS 0x0000000097d00000| PB 0x0000000097d00000| Untracked 
| 382|0x0000000097e00000, 0x0000000097f00000, 0x0000000097f00000|100%| O|  |TAMS 0x0000000097e00000| PB 0x0000000097e00000| Untracked 
| 383|0x0000000097f00000, 0x0000000098000000, 0x0000000098000000|100%| O|  |TAMS 0x0000000097f00000| PB 0x0000000097f00000| Untracked 
| 384|0x0000000098000000, 0x0000000098100000, 0x0000000098100000|100%| O|  |TAMS 0x0000000098000000| PB 0x0000000098000000| Untracked 
| 385|0x0000000098100000, 0x0000000098200000, 0x0000000098200000|100%| O|  |TAMS 0x0000000098100000| PB 0x0000000098100000| Untracked 
| 386|0x0000000098200000, 0x0000000098300000, 0x0000000098300000|100%| O|  |TAMS 0x0000000098200000| PB 0x0000000098200000| Untracked 
| 387|0x0000000098300000, 0x0000000098400000, 0x0000000098400000|100%| O|  |TAMS 0x0000000098300000| PB 0x0000000098300000| Untracked 
| 388|0x0000000098400000, 0x0000000098500000, 0x0000000098500000|100%| O|  |TAMS 0x0000000098400000| PB 0x0000000098400000| Untracked 
| 389|0x0000000098500000, 0x0000000098600000, 0x0000000098600000|100%| O|  |TAMS 0x0000000098500000| PB 0x0000000098500000| Untracked 
| 390|0x0000000098600000, 0x0000000098700000, 0x0000000098700000|100%| O|  |TAMS 0x0000000098600000| PB 0x0000000098600000| Untracked 
| 391|0x0000000098700000, 0x0000000098800000, 0x0000000098800000|100%| O|  |TAMS 0x0000000098700000| PB 0x0000000098700000| Untracked 
| 392|0x0000000098800000, 0x0000000098900000, 0x0000000098900000|100%| O|  |TAMS 0x0000000098800000| PB 0x0000000098800000| Untracked 
| 393|0x0000000098900000, 0x0000000098a00000, 0x0000000098a00000|100%| O|  |TAMS 0x0000000098900000| PB 0x0000000098900000| Untracked 
| 394|0x0000000098a00000, 0x0000000098b00000, 0x0000000098b00000|100%| O|  |TAMS 0x0000000098a00000| PB 0x0000000098a00000| Untracked 
| 395|0x0000000098b00000, 0x0000000098c00000, 0x0000000098c00000|100%| O|  |TAMS 0x0000000098b00000| PB 0x0000000098b00000| Untracked 
| 396|0x0000000098c00000, 0x0000000098c6e640, 0x0000000098d00000| 43%| O|  |TAMS 0x0000000098c00000| PB 0x0000000098c00000| Untracked 
| 397|0x0000000098d00000, 0x0000000098e00000, 0x0000000098e00000|100%| O|  |TAMS 0x0000000098d00000| PB 0x0000000098d00000| Untracked 
| 398|0x0000000098e00000, 0x0000000098e00000, 0x0000000098f00000|  0%| F|  |TAMS 0x0000000098e00000| PB 0x0000000098e00000| Untracked 
| 399|0x0000000098f00000, 0x0000000099000000, 0x0000000099000000|100%| O|  |TAMS 0x0000000098f00000| PB 0x0000000098f00000| Untracked 
| 400|0x0000000099000000, 0x0000000099100000, 0x0000000099100000|100%| O|Cm|TAMS 0x0000000099000000| PB 0x0000000099000000| Complete 
| 401|0x0000000099100000, 0x0000000099200000, 0x0000000099200000|100%| O|  |TAMS 0x0000000099100000| PB 0x0000000099100000| Untracked 
| 402|0x0000000099200000, 0x0000000099300000, 0x0000000099300000|100%| O|  |TAMS 0x0000000099200000| PB 0x0000000099200000| Untracked 
| 403|0x0000000099300000, 0x0000000099400000, 0x0000000099400000|100%| O|  |TAMS 0x0000000099300000| PB 0x0000000099300000| Untracked 
| 404|0x0000000099400000, 0x0000000099500000, 0x0000000099500000|100%| O|  |TAMS 0x0000000099400000| PB 0x0000000099400000| Untracked 
| 405|0x0000000099500000, 0x0000000099600000, 0x0000000099600000|100%| O|  |TAMS 0x0000000099500000| PB 0x0000000099500000| Untracked 
| 406|0x0000000099600000, 0x0000000099700000, 0x0000000099700000|100%| O|  |TAMS 0x0000000099600000| PB 0x0000000099600000| Untracked 
| 407|0x0000000099700000, 0x0000000099800000, 0x0000000099800000|100%| O|  |TAMS 0x0000000099700000| PB 0x0000000099700000| Untracked 
| 408|0x0000000099800000, 0x0000000099900000, 0x0000000099900000|100%| O|  |TAMS 0x0000000099800000| PB 0x0000000099800000| Untracked 
| 409|0x0000000099900000, 0x0000000099a00000, 0x0000000099a00000|100%| O|  |TAMS 0x0000000099900000| PB 0x0000000099900000| Untracked 
| 410|0x0000000099a00000, 0x0000000099b00000, 0x0000000099b00000|100%| O|  |TAMS 0x0000000099a00000| PB 0x0000000099a00000| Untracked 
| 411|0x0000000099b00000, 0x0000000099c00000, 0x0000000099c00000|100%| O|  |TAMS 0x0000000099b00000| PB 0x0000000099b00000| Untracked 
| 412|0x0000000099c00000, 0x0000000099d00000, 0x0000000099d00000|100%| O|  |TAMS 0x0000000099c00000| PB 0x0000000099c00000| Untracked 
| 413|0x0000000099d00000, 0x0000000099e00000, 0x0000000099e00000|100%| O|  |TAMS 0x0000000099d00000| PB 0x0000000099d00000| Untracked 
| 414|0x0000000099e00000, 0x0000000099f00000, 0x0000000099f00000|100%| O|Cm|TAMS 0x0000000099e00000| PB 0x0000000099e00000| Complete 
| 415|0x0000000099f00000, 0x000000009a000000, 0x000000009a000000|100%| O|  |TAMS 0x0000000099f00000| PB 0x0000000099f00000| Untracked 
| 416|0x000000009a000000, 0x000000009a100000, 0x000000009a100000|100%| O|Cm|TAMS 0x000000009a000000| PB 0x000000009a000000| Complete 
| 417|0x000000009a100000, 0x000000009a200000, 0x000000009a200000|100%| O|  |TAMS 0x000000009a100000| PB 0x000000009a100000| Untracked 
| 418|0x000000009a200000, 0x000000009a300000, 0x000000009a300000|100%| O|  |TAMS 0x000000009a200000| PB 0x000000009a200000| Untracked 
| 419|0x000000009a300000, 0x000000009a400000, 0x000000009a400000|100%| O|  |TAMS 0x000000009a300000| PB 0x000000009a300000| Untracked 
| 420|0x000000009a400000, 0x000000009a500000, 0x000000009a500000|100%| O|Cm|TAMS 0x000000009a400000| PB 0x000000009a400000| Complete 
| 421|0x000000009a500000, 0x000000009a600000, 0x000000009a600000|100%| O|  |TAMS 0x000000009a500000| PB 0x000000009a500000| Untracked 
| 422|0x000000009a600000, 0x000000009a700000, 0x000000009a700000|100%| O|  |TAMS 0x000000009a600000| PB 0x000000009a600000| Untracked 
| 423|0x000000009a700000, 0x000000009a800000, 0x000000009a800000|100%| O|  |TAMS 0x000000009a700000| PB 0x000000009a700000| Untracked 
| 424|0x000000009a800000, 0x000000009a900000, 0x000000009a900000|100%| O|  |TAMS 0x000000009a800000| PB 0x000000009a800000| Untracked 
| 425|0x000000009a900000, 0x000000009aa00000, 0x000000009aa00000|100%| O|  |TAMS 0x000000009a900000| PB 0x000000009a900000| Untracked 
| 426|0x000000009aa00000, 0x000000009ab00000, 0x000000009ab00000|100%| O|  |TAMS 0x000000009aa00000| PB 0x000000009aa00000| Untracked 
| 427|0x000000009ab00000, 0x000000009ac00000, 0x000000009ac00000|100%| O|  |TAMS 0x000000009ab00000| PB 0x000000009ab00000| Untracked 
| 428|0x000000009ac00000, 0x000000009ad00000, 0x000000009ad00000|100%| O|  |TAMS 0x000000009ac00000| PB 0x000000009ac00000| Untracked 
| 429|0x000000009ad00000, 0x000000009ae00000, 0x000000009ae00000|100%| O|  |TAMS 0x000000009ad00000| PB 0x000000009ad00000| Untracked 
| 430|0x000000009ae00000, 0x000000009af00000, 0x000000009af00000|100%| O|  |TAMS 0x000000009ae00000| PB 0x000000009ae00000| Untracked 
| 431|0x000000009af00000, 0x000000009b000000, 0x000000009b000000|100%| O|  |TAMS 0x000000009af00000| PB 0x000000009af00000| Untracked 
| 432|0x000000009b000000, 0x000000009b100000, 0x000000009b100000|100%| O|  |TAMS 0x000000009b000000| PB 0x000000009b000000| Untracked 
| 433|0x000000009b100000, 0x000000009b200000, 0x000000009b200000|100%| O|  |TAMS 0x000000009b100000| PB 0x000000009b100000| Untracked 
| 434|0x000000009b200000, 0x000000009b300000, 0x000000009b300000|100%| O|  |TAMS 0x000000009b200000| PB 0x000000009b200000| Untracked 
| 435|0x000000009b300000, 0x000000009b400000, 0x000000009b400000|100%| O|  |TAMS 0x000000009b300000| PB 0x000000009b300000| Untracked 
| 436|0x000000009b400000, 0x000000009b500000, 0x000000009b500000|100%| O|Cm|TAMS 0x000000009b400000| PB 0x000000009b400000| Complete 
| 437|0x000000009b500000, 0x000000009b600000, 0x000000009b600000|100%| O|  |TAMS 0x000000009b500000| PB 0x000000009b500000| Untracked 
| 438|0x000000009b600000, 0x000000009b700000, 0x000000009b700000|100%| O|  |TAMS 0x000000009b600000| PB 0x000000009b600000| Untracked 
| 439|0x000000009b700000, 0x000000009b800000, 0x000000009b800000|100%| O|  |TAMS 0x000000009b700000| PB 0x000000009b700000| Untracked 
| 440|0x000000009b800000, 0x000000009b900000, 0x000000009b900000|100%| O|  |TAMS 0x000000009b800000| PB 0x000000009b800000| Untracked 
| 441|0x000000009b900000, 0x000000009ba00000, 0x000000009ba00000|100%| O|  |TAMS 0x000000009b900000| PB 0x000000009b900000| Untracked 
| 442|0x000000009ba00000, 0x000000009bb00000, 0x000000009bb00000|100%| O|  |TAMS 0x000000009ba00000| PB 0x000000009ba00000| Untracked 
| 443|0x000000009bb00000, 0x000000009bc00000, 0x000000009bc00000|100%| O|  |TAMS 0x000000009bb00000| PB 0x000000009bb00000| Untracked 
| 444|0x000000009bc00000, 0x000000009bd00000, 0x000000009bd00000|100%| O|  |TAMS 0x000000009bc00000| PB 0x000000009bc00000| Untracked 
| 445|0x000000009bd00000, 0x000000009be00000, 0x000000009be00000|100%| O|  |TAMS 0x000000009bd00000| PB 0x000000009bd00000| Untracked 
| 446|0x000000009be00000, 0x000000009bf00000, 0x000000009bf00000|100%| O|  |TAMS 0x000000009be00000| PB 0x000000009be00000| Untracked 
| 447|0x000000009bf00000, 0x000000009c000000, 0x000000009c000000|100%| O|  |TAMS 0x000000009bf00000| PB 0x000000009bf00000| Untracked 
| 448|0x000000009c000000, 0x000000009c100000, 0x000000009c100000|100%| O|  |TAMS 0x000000009c000000| PB 0x000000009c000000| Untracked 
| 449|0x000000009c100000, 0x000000009c200000, 0x000000009c200000|100%| O|  |TAMS 0x000000009c100000| PB 0x000000009c100000| Untracked 
| 450|0x000000009c200000, 0x000000009c300000, 0x000000009c300000|100%| O|  |TAMS 0x000000009c200000| PB 0x000000009c200000| Untracked 
| 451|0x000000009c300000, 0x000000009c400000, 0x000000009c400000|100%| O|  |TAMS 0x000000009c300000| PB 0x000000009c300000| Untracked 
| 452|0x000000009c400000, 0x000000009c500000, 0x000000009c500000|100%| O|  |TAMS 0x000000009c400000| PB 0x000000009c400000| Untracked 
| 453|0x000000009c500000, 0x000000009c600000, 0x000000009c600000|100%| O|  |TAMS 0x000000009c500000| PB 0x000000009c500000| Untracked 
| 454|0x000000009c600000, 0x000000009c700000, 0x000000009c700000|100%| O|  |TAMS 0x000000009c600000| PB 0x000000009c600000| Untracked 
| 455|0x000000009c700000, 0x000000009c800000, 0x000000009c800000|100%| O|  |TAMS 0x000000009c700000| PB 0x000000009c700000| Untracked 
| 456|0x000000009c800000, 0x000000009c900000, 0x000000009c900000|100%| O|  |TAMS 0x000000009c800000| PB 0x000000009c800000| Untracked 
| 457|0x000000009c900000, 0x000000009ca00000, 0x000000009ca00000|100%| O|  |TAMS 0x000000009c900000| PB 0x000000009c900000| Untracked 
| 458|0x000000009ca00000, 0x000000009cb00000, 0x000000009cb00000|100%| O|  |TAMS 0x000000009ca00000| PB 0x000000009ca00000| Untracked 
| 459|0x000000009cb00000, 0x000000009cc00000, 0x000000009cc00000|100%| O|  |TAMS 0x000000009cb00000| PB 0x000000009cb00000| Untracked 
| 460|0x000000009cc00000, 0x000000009cd00000, 0x000000009cd00000|100%| O|  |TAMS 0x000000009cc00000| PB 0x000000009cc00000| Untracked 
| 461|0x000000009cd00000, 0x000000009ce00000, 0x000000009ce00000|100%| O|  |TAMS 0x000000009cd00000| PB 0x000000009cd00000| Untracked 
| 462|0x000000009ce00000, 0x000000009cf00000, 0x000000009cf00000|100%| O|  |TAMS 0x000000009ce00000| PB 0x000000009ce00000| Untracked 
| 463|0x000000009cf00000, 0x000000009d000000, 0x000000009d000000|100%| O|  |TAMS 0x000000009cf00000| PB 0x000000009cf00000| Untracked 
| 464|0x000000009d000000, 0x000000009d100000, 0x000000009d100000|100%| O|  |TAMS 0x000000009d000000| PB 0x000000009d000000| Untracked 
| 465|0x000000009d100000, 0x000000009d200000, 0x000000009d200000|100%| O|  |TAMS 0x000000009d100000| PB 0x000000009d100000| Untracked 
| 466|0x000000009d200000, 0x000000009d300000, 0x000000009d300000|100%| O|  |TAMS 0x000000009d200000| PB 0x000000009d200000| Untracked 
| 467|0x000000009d300000, 0x000000009d400000, 0x000000009d400000|100%| O|  |TAMS 0x000000009d300000| PB 0x000000009d300000| Untracked 
| 468|0x000000009d400000, 0x000000009d400000, 0x000000009d500000|  0%| F|  |TAMS 0x000000009d400000| PB 0x000000009d400000| Untracked 
| 469|0x000000009d500000, 0x000000009d500000, 0x000000009d600000|  0%| F|  |TAMS 0x000000009d500000| PB 0x000000009d500000| Untracked 
| 470|0x000000009d600000, 0x000000009d600000, 0x000000009d700000|  0%| F|  |TAMS 0x000000009d600000| PB 0x000000009d600000| Untracked 
| 471|0x000000009d700000, 0x000000009d700000, 0x000000009d800000|  0%| F|  |TAMS 0x000000009d700000| PB 0x000000009d700000| Untracked 
| 472|0x000000009d800000, 0x000000009d800000, 0x000000009d900000|  0%| F|  |TAMS 0x000000009d800000| PB 0x000000009d800000| Untracked 
| 473|0x000000009d900000, 0x000000009d900000, 0x000000009da00000|  0%| F|  |TAMS 0x000000009d900000| PB 0x000000009d900000| Untracked 
| 474|0x000000009da00000, 0x000000009da00000, 0x000000009db00000|  0%| F|  |TAMS 0x000000009da00000| PB 0x000000009da00000| Untracked 
| 475|0x000000009db00000, 0x000000009dc00000, 0x000000009dc00000|100%| O|  |TAMS 0x000000009db00000| PB 0x000000009db00000| Untracked 
| 476|0x000000009dc00000, 0x000000009dc00000, 0x000000009dd00000|  0%| F|  |TAMS 0x000000009dc00000| PB 0x000000009dc00000| Untracked 
| 477|0x000000009dd00000, 0x000000009dd00000, 0x000000009de00000|  0%| F|  |TAMS 0x000000009dd00000| PB 0x000000009dd00000| Untracked 
| 478|0x000000009de00000, 0x000000009de00000, 0x000000009df00000|  0%| F|  |TAMS 0x000000009de00000| PB 0x000000009de00000| Untracked 
| 479|0x000000009df00000, 0x000000009df00000, 0x000000009e000000|  0%| F|  |TAMS 0x000000009df00000| PB 0x000000009df00000| Untracked 
| 480|0x000000009e000000, 0x000000009e000000, 0x000000009e100000|  0%| F|  |TAMS 0x000000009e000000| PB 0x000000009e000000| Untracked 
| 481|0x000000009e100000, 0x000000009e100000, 0x000000009e200000|  0%| F|  |TAMS 0x000000009e100000| PB 0x000000009e100000| Untracked 
| 482|0x000000009e200000, 0x000000009e200000, 0x000000009e300000|  0%| F|  |TAMS 0x000000009e200000| PB 0x000000009e200000| Untracked 
| 483|0x000000009e300000, 0x000000009e300000, 0x000000009e400000|  0%| F|  |TAMS 0x000000009e300000| PB 0x000000009e300000| Untracked 
| 484|0x000000009e400000, 0x000000009e400000, 0x000000009e500000|  0%| F|  |TAMS 0x000000009e400000| PB 0x000000009e400000| Untracked 
| 485|0x000000009e500000, 0x000000009e500000, 0x000000009e600000|  0%| F|  |TAMS 0x000000009e500000| PB 0x000000009e500000| Untracked 
| 486|0x000000009e600000, 0x000000009e600000, 0x000000009e700000|  0%| F|  |TAMS 0x000000009e600000| PB 0x000000009e600000| Untracked 
| 487|0x000000009e700000, 0x000000009e700000, 0x000000009e800000|  0%| F|  |TAMS 0x000000009e700000| PB 0x000000009e700000| Untracked 
| 488|0x000000009e800000, 0x000000009e800000, 0x000000009e900000|  0%| F|  |TAMS 0x000000009e800000| PB 0x000000009e800000| Untracked 
| 489|0x000000009e900000, 0x000000009e900000, 0x000000009ea00000|  0%| F|  |TAMS 0x000000009e900000| PB 0x000000009e900000| Untracked 
| 490|0x000000009ea00000, 0x000000009ea00000, 0x000000009eb00000|  0%| F|  |TAMS 0x000000009ea00000| PB 0x000000009ea00000| Untracked 
| 491|0x000000009eb00000, 0x000000009eb00000, 0x000000009ec00000|  0%| F|  |TAMS 0x000000009eb00000| PB 0x000000009eb00000| Untracked 
| 492|0x000000009ec00000, 0x000000009ec00000, 0x000000009ed00000|  0%| F|  |TAMS 0x000000009ec00000| PB 0x000000009ec00000| Untracked 
| 493|0x000000009ed00000, 0x000000009ed00000, 0x000000009ee00000|  0%| F|  |TAMS 0x000000009ed00000| PB 0x000000009ed00000| Untracked 
| 494|0x000000009ee00000, 0x000000009ee00000, 0x000000009ef00000|  0%| F|  |TAMS 0x000000009ee00000| PB 0x000000009ee00000| Untracked 
| 495|0x000000009ef00000, 0x000000009ef00000, 0x000000009f000000|  0%| F|  |TAMS 0x000000009ef00000| PB 0x000000009ef00000| Untracked 
| 496|0x000000009f000000, 0x000000009f000000, 0x000000009f100000|  0%| F|  |TAMS 0x000000009f000000| PB 0x000000009f000000| Untracked 
| 497|0x000000009f100000, 0x000000009f100000, 0x000000009f200000|  0%| F|  |TAMS 0x000000009f100000| PB 0x000000009f100000| Untracked 
| 498|0x000000009f200000, 0x000000009f200000, 0x000000009f300000|  0%| F|  |TAMS 0x000000009f200000| PB 0x000000009f200000| Untracked 
| 499|0x000000009f300000, 0x000000009f300000, 0x000000009f400000|  0%| F|  |TAMS 0x000000009f300000| PB 0x000000009f300000| Untracked 
| 500|0x000000009f400000, 0x000000009f400000, 0x000000009f500000|  0%| F|  |TAMS 0x000000009f400000| PB 0x000000009f400000| Untracked 
| 501|0x000000009f500000, 0x000000009f500000, 0x000000009f600000|  0%| F|  |TAMS 0x000000009f500000| PB 0x000000009f500000| Untracked 
| 502|0x000000009f600000, 0x000000009f600000, 0x000000009f700000|  0%| F|  |TAMS 0x000000009f600000| PB 0x000000009f600000| Untracked 
| 503|0x000000009f700000, 0x000000009f700000, 0x000000009f800000|  0%| F|  |TAMS 0x000000009f700000| PB 0x000000009f700000| Untracked 
| 504|0x000000009f800000, 0x000000009f800000, 0x000000009f900000|  0%| F|  |TAMS 0x000000009f800000| PB 0x000000009f800000| Untracked 
| 505|0x000000009f900000, 0x000000009f900000, 0x000000009fa00000|  0%| F|  |TAMS 0x000000009f900000| PB 0x000000009f900000| Untracked 
| 506|0x000000009fa00000, 0x000000009fa00000, 0x000000009fb00000|  0%| F|  |TAMS 0x000000009fa00000| PB 0x000000009fa00000| Untracked 
| 507|0x000000009fb00000, 0x000000009fb00000, 0x000000009fc00000|  0%| F|  |TAMS 0x000000009fb00000| PB 0x000000009fb00000| Untracked 
| 508|0x000000009fc00000, 0x000000009fc00000, 0x000000009fd00000|  0%| F|  |TAMS 0x000000009fc00000| PB 0x000000009fc00000| Untracked 
| 509|0x000000009fd00000, 0x000000009fd00000, 0x000000009fe00000|  0%| F|  |TAMS 0x000000009fd00000| PB 0x000000009fd00000| Untracked 
| 510|0x000000009fe00000, 0x000000009fe00000, 0x000000009ff00000|  0%| F|  |TAMS 0x000000009fe00000| PB 0x000000009fe00000| Untracked 
| 511|0x000000009ff00000, 0x000000009ff00000, 0x00000000a0000000|  0%| F|  |TAMS 0x000000009ff00000| PB 0x000000009ff00000| Untracked 
| 512|0x00000000a0000000, 0x00000000a0000000, 0x00000000a0100000|  0%| F|  |TAMS 0x00000000a0000000| PB 0x00000000a0000000| Untracked 
| 513|0x00000000a0100000, 0x00000000a0100000, 0x00000000a0200000|  0%| F|  |TAMS 0x00000000a0100000| PB 0x00000000a0100000| Untracked 
| 514|0x00000000a0200000, 0x00000000a0200000, 0x00000000a0300000|  0%| F|  |TAMS 0x00000000a0200000| PB 0x00000000a0200000| Untracked 
| 515|0x00000000a0300000, 0x00000000a0300000, 0x00000000a0400000|  0%| F|  |TAMS 0x00000000a0300000| PB 0x00000000a0300000| Untracked 
| 516|0x00000000a0400000, 0x00000000a0400000, 0x00000000a0500000|  0%| F|  |TAMS 0x00000000a0400000| PB 0x00000000a0400000| Untracked 
| 517|0x00000000a0500000, 0x00000000a0500000, 0x00000000a0600000|  0%| F|  |TAMS 0x00000000a0500000| PB 0x00000000a0500000| Untracked 
| 518|0x00000000a0600000, 0x00000000a0600000, 0x00000000a0700000|  0%| F|  |TAMS 0x00000000a0600000| PB 0x00000000a0600000| Untracked 
| 519|0x00000000a0700000, 0x00000000a0700000, 0x00000000a0800000|  0%| F|  |TAMS 0x00000000a0700000| PB 0x00000000a0700000| Untracked 
| 520|0x00000000a0800000, 0x00000000a0800000, 0x00000000a0900000|  0%| F|  |TAMS 0x00000000a0800000| PB 0x00000000a0800000| Untracked 
| 521|0x00000000a0900000, 0x00000000a0900000, 0x00000000a0a00000|  0%| F|  |TAMS 0x00000000a0900000| PB 0x00000000a0900000| Untracked 
| 522|0x00000000a0a00000, 0x00000000a0a00000, 0x00000000a0b00000|  0%| F|  |TAMS 0x00000000a0a00000| PB 0x00000000a0a00000| Untracked 
| 523|0x00000000a0b00000, 0x00000000a0b00000, 0x00000000a0c00000|  0%| F|  |TAMS 0x00000000a0b00000| PB 0x00000000a0b00000| Untracked 
| 524|0x00000000a0c00000, 0x00000000a0c00000, 0x00000000a0d00000|  0%| F|  |TAMS 0x00000000a0c00000| PB 0x00000000a0c00000| Untracked 
| 525|0x00000000a0d00000, 0x00000000a0d00000, 0x00000000a0e00000|  0%| F|  |TAMS 0x00000000a0d00000| PB 0x00000000a0d00000| Untracked 
| 526|0x00000000a0e00000, 0x00000000a0e00000, 0x00000000a0f00000|  0%| F|  |TAMS 0x00000000a0e00000| PB 0x00000000a0e00000| Untracked 
| 527|0x00000000a0f00000, 0x00000000a0f00000, 0x00000000a1000000|  0%| F|  |TAMS 0x00000000a0f00000| PB 0x00000000a0f00000| Untracked 
| 528|0x00000000a1000000, 0x00000000a1000000, 0x00000000a1100000|  0%| F|  |TAMS 0x00000000a1000000| PB 0x00000000a1000000| Untracked 
| 529|0x00000000a1100000, 0x00000000a1100000, 0x00000000a1200000|  0%| F|  |TAMS 0x00000000a1100000| PB 0x00000000a1100000| Untracked 
| 530|0x00000000a1200000, 0x00000000a1200000, 0x00000000a1300000|  0%| F|  |TAMS 0x00000000a1200000| PB 0x00000000a1200000| Untracked 
| 531|0x00000000a1300000, 0x00000000a1300000, 0x00000000a1400000|  0%| F|  |TAMS 0x00000000a1300000| PB 0x00000000a1300000| Untracked 
| 532|0x00000000a1400000, 0x00000000a1400000, 0x00000000a1500000|  0%| F|  |TAMS 0x00000000a1400000| PB 0x00000000a1400000| Untracked 
| 533|0x00000000a1500000, 0x00000000a1500000, 0x00000000a1600000|  0%| F|  |TAMS 0x00000000a1500000| PB 0x00000000a1500000| Untracked 
| 534|0x00000000a1600000, 0x00000000a1600000, 0x00000000a1700000|  0%| F|  |TAMS 0x00000000a1600000| PB 0x00000000a1600000| Untracked 
| 535|0x00000000a1700000, 0x00000000a1700000, 0x00000000a1800000|  0%| F|  |TAMS 0x00000000a1700000| PB 0x00000000a1700000| Untracked 
| 536|0x00000000a1800000, 0x00000000a1800000, 0x00000000a1900000|  0%| F|  |TAMS 0x00000000a1800000| PB 0x00000000a1800000| Untracked 
| 537|0x00000000a1900000, 0x00000000a1900000, 0x00000000a1a00000|  0%| F|  |TAMS 0x00000000a1900000| PB 0x00000000a1900000| Untracked 
| 538|0x00000000a1a00000, 0x00000000a1a00000, 0x00000000a1b00000|  0%| F|  |TAMS 0x00000000a1a00000| PB 0x00000000a1a00000| Untracked 
| 539|0x00000000a1b00000, 0x00000000a1b00000, 0x00000000a1c00000|  0%| F|  |TAMS 0x00000000a1b00000| PB 0x00000000a1b00000| Untracked 
| 540|0x00000000a1c00000, 0x00000000a1c00000, 0x00000000a1d00000|  0%| F|  |TAMS 0x00000000a1c00000| PB 0x00000000a1c00000| Untracked 
| 541|0x00000000a1d00000, 0x00000000a1d00000, 0x00000000a1e00000|  0%| F|  |TAMS 0x00000000a1d00000| PB 0x00000000a1d00000| Untracked 
| 542|0x00000000a1e00000, 0x00000000a1e00000, 0x00000000a1f00000|  0%| F|  |TAMS 0x00000000a1e00000| PB 0x00000000a1e00000| Untracked 
| 543|0x00000000a1f00000, 0x00000000a1f00000, 0x00000000a2000000|  0%| F|  |TAMS 0x00000000a1f00000| PB 0x00000000a1f00000| Untracked 
| 544|0x00000000a2000000, 0x00000000a2000000, 0x00000000a2100000|  0%| F|  |TAMS 0x00000000a2000000| PB 0x00000000a2000000| Untracked 
| 545|0x00000000a2100000, 0x00000000a2100000, 0x00000000a2200000|  0%| F|  |TAMS 0x00000000a2100000| PB 0x00000000a2100000| Untracked 
| 546|0x00000000a2200000, 0x00000000a2200000, 0x00000000a2300000|  0%| F|  |TAMS 0x00000000a2200000| PB 0x00000000a2200000| Untracked 
| 547|0x00000000a2300000, 0x00000000a2300000, 0x00000000a2400000|  0%| F|  |TAMS 0x00000000a2300000| PB 0x00000000a2300000| Untracked 
| 548|0x00000000a2400000, 0x00000000a2400000, 0x00000000a2500000|  0%| F|  |TAMS 0x00000000a2400000| PB 0x00000000a2400000| Untracked 
| 549|0x00000000a2500000, 0x00000000a2500000, 0x00000000a2600000|  0%| F|  |TAMS 0x00000000a2500000| PB 0x00000000a2500000| Untracked 
| 550|0x00000000a2600000, 0x00000000a2600000, 0x00000000a2700000|  0%| F|  |TAMS 0x00000000a2600000| PB 0x00000000a2600000| Untracked 
| 551|0x00000000a2700000, 0x00000000a2700000, 0x00000000a2800000|  0%| F|  |TAMS 0x00000000a2700000| PB 0x00000000a2700000| Untracked 
| 552|0x00000000a2800000, 0x00000000a2800000, 0x00000000a2900000|  0%| F|  |TAMS 0x00000000a2800000| PB 0x00000000a2800000| Untracked 
| 553|0x00000000a2900000, 0x00000000a2900000, 0x00000000a2a00000|  0%| F|  |TAMS 0x00000000a2900000| PB 0x00000000a2900000| Untracked 
| 554|0x00000000a2a00000, 0x00000000a2a00000, 0x00000000a2b00000|  0%| F|  |TAMS 0x00000000a2a00000| PB 0x00000000a2a00000| Untracked 
| 555|0x00000000a2b00000, 0x00000000a2b00000, 0x00000000a2c00000|  0%| F|  |TAMS 0x00000000a2b00000| PB 0x00000000a2b00000| Untracked 
| 556|0x00000000a2c00000, 0x00000000a2c00000, 0x00000000a2d00000|  0%| F|  |TAMS 0x00000000a2c00000| PB 0x00000000a2c00000| Untracked 
| 557|0x00000000a2d00000, 0x00000000a2d00000, 0x00000000a2e00000|  0%| F|  |TAMS 0x00000000a2d00000| PB 0x00000000a2d00000| Untracked 
| 558|0x00000000a2e00000, 0x00000000a2e00000, 0x00000000a2f00000|  0%| F|  |TAMS 0x00000000a2e00000| PB 0x00000000a2e00000| Untracked 
| 559|0x00000000a2f00000, 0x00000000a2f00000, 0x00000000a3000000|  0%| F|  |TAMS 0x00000000a2f00000| PB 0x00000000a2f00000| Untracked 
| 560|0x00000000a3000000, 0x00000000a3000000, 0x00000000a3100000|  0%| F|  |TAMS 0x00000000a3000000| PB 0x00000000a3000000| Untracked 
| 561|0x00000000a3100000, 0x00000000a3100000, 0x00000000a3200000|  0%| F|  |TAMS 0x00000000a3100000| PB 0x00000000a3100000| Untracked 
| 562|0x00000000a3200000, 0x00000000a3200000, 0x00000000a3300000|  0%| F|  |TAMS 0x00000000a3200000| PB 0x00000000a3200000| Untracked 
| 563|0x00000000a3300000, 0x00000000a3300000, 0x00000000a3400000|  0%| F|  |TAMS 0x00000000a3300000| PB 0x00000000a3300000| Untracked 
| 564|0x00000000a3400000, 0x00000000a3400000, 0x00000000a3500000|  0%| F|  |TAMS 0x00000000a3400000| PB 0x00000000a3400000| Untracked 
| 565|0x00000000a3500000, 0x00000000a3500000, 0x00000000a3600000|  0%| F|  |TAMS 0x00000000a3500000| PB 0x00000000a3500000| Untracked 
| 566|0x00000000a3600000, 0x00000000a3600000, 0x00000000a3700000|  0%| F|  |TAMS 0x00000000a3600000| PB 0x00000000a3600000| Untracked 
| 567|0x00000000a3700000, 0x00000000a3700000, 0x00000000a3800000|  0%| F|  |TAMS 0x00000000a3700000| PB 0x00000000a3700000| Untracked 
| 568|0x00000000a3800000, 0x00000000a3800000, 0x00000000a3900000|  0%| F|  |TAMS 0x00000000a3800000| PB 0x00000000a3800000| Untracked 
| 569|0x00000000a3900000, 0x00000000a3900000, 0x00000000a3a00000|  0%| F|  |TAMS 0x00000000a3900000| PB 0x00000000a3900000| Untracked 
| 570|0x00000000a3a00000, 0x00000000a3a00000, 0x00000000a3b00000|  0%| F|  |TAMS 0x00000000a3a00000| PB 0x00000000a3a00000| Untracked 
| 571|0x00000000a3b00000, 0x00000000a3b00000, 0x00000000a3c00000|  0%| F|  |TAMS 0x00000000a3b00000| PB 0x00000000a3b00000| Untracked 
| 572|0x00000000a3c00000, 0x00000000a3c00000, 0x00000000a3d00000|  0%| F|  |TAMS 0x00000000a3c00000| PB 0x00000000a3c00000| Untracked 
| 573|0x00000000a3d00000, 0x00000000a3d00000, 0x00000000a3e00000|  0%| F|  |TAMS 0x00000000a3d00000| PB 0x00000000a3d00000| Untracked 
| 574|0x00000000a3e00000, 0x00000000a3e00000, 0x00000000a3f00000|  0%| F|  |TAMS 0x00000000a3e00000| PB 0x00000000a3e00000| Untracked 
| 575|0x00000000a3f00000, 0x00000000a3f00000, 0x00000000a4000000|  0%| F|  |TAMS 0x00000000a3f00000| PB 0x00000000a3f00000| Untracked 
| 576|0x00000000a4000000, 0x00000000a4000000, 0x00000000a4100000|  0%| F|  |TAMS 0x00000000a4000000| PB 0x00000000a4000000| Untracked 
| 577|0x00000000a4100000, 0x00000000a4100000, 0x00000000a4200000|  0%| F|  |TAMS 0x00000000a4100000| PB 0x00000000a4100000| Untracked 
| 578|0x00000000a4200000, 0x00000000a4200000, 0x00000000a4300000|  0%| F|  |TAMS 0x00000000a4200000| PB 0x00000000a4200000| Untracked 
| 579|0x00000000a4300000, 0x00000000a4300000, 0x00000000a4400000|  0%| F|  |TAMS 0x00000000a4300000| PB 0x00000000a4300000| Untracked 
| 580|0x00000000a4400000, 0x00000000a4400000, 0x00000000a4500000|  0%| F|  |TAMS 0x00000000a4400000| PB 0x00000000a4400000| Untracked 
| 581|0x00000000a4500000, 0x00000000a4500000, 0x00000000a4600000|  0%| F|  |TAMS 0x00000000a4500000| PB 0x00000000a4500000| Untracked 
| 582|0x00000000a4600000, 0x00000000a4600000, 0x00000000a4700000|  0%| F|  |TAMS 0x00000000a4600000| PB 0x00000000a4600000| Untracked 
| 583|0x00000000a4700000, 0x00000000a4700000, 0x00000000a4800000|  0%| F|  |TAMS 0x00000000a4700000| PB 0x00000000a4700000| Untracked 
| 584|0x00000000a4800000, 0x00000000a4800000, 0x00000000a4900000|  0%| F|  |TAMS 0x00000000a4800000| PB 0x00000000a4800000| Untracked 
| 585|0x00000000a4900000, 0x00000000a4900000, 0x00000000a4a00000|  0%| F|  |TAMS 0x00000000a4900000| PB 0x00000000a4900000| Untracked 
| 586|0x00000000a4a00000, 0x00000000a4a00000, 0x00000000a4b00000|  0%| F|  |TAMS 0x00000000a4a00000| PB 0x00000000a4a00000| Untracked 
| 587|0x00000000a4b00000, 0x00000000a4b00000, 0x00000000a4c00000|  0%| F|  |TAMS 0x00000000a4b00000| PB 0x00000000a4b00000| Untracked 
| 588|0x00000000a4c00000, 0x00000000a4c00000, 0x00000000a4d00000|  0%| F|  |TAMS 0x00000000a4c00000| PB 0x00000000a4c00000| Untracked 
| 589|0x00000000a4d00000, 0x00000000a4d00000, 0x00000000a4e00000|  0%| F|  |TAMS 0x00000000a4d00000| PB 0x00000000a4d00000| Untracked 
| 590|0x00000000a4e00000, 0x00000000a4e00000, 0x00000000a4f00000|  0%| F|  |TAMS 0x00000000a4e00000| PB 0x00000000a4e00000| Untracked 
| 591|0x00000000a4f00000, 0x00000000a4f00000, 0x00000000a5000000|  0%| F|  |TAMS 0x00000000a4f00000| PB 0x00000000a4f00000| Untracked 
| 592|0x00000000a5000000, 0x00000000a5000000, 0x00000000a5100000|  0%| F|  |TAMS 0x00000000a5000000| PB 0x00000000a5000000| Untracked 
| 593|0x00000000a5100000, 0x00000000a5100000, 0x00000000a5200000|  0%| F|  |TAMS 0x00000000a5100000| PB 0x00000000a5100000| Untracked 
| 594|0x00000000a5200000, 0x00000000a5200000, 0x00000000a5300000|  0%| F|  |TAMS 0x00000000a5200000| PB 0x00000000a5200000| Untracked 
| 595|0x00000000a5300000, 0x00000000a5300000, 0x00000000a5400000|  0%| F|  |TAMS 0x00000000a5300000| PB 0x00000000a5300000| Untracked 
| 596|0x00000000a5400000, 0x00000000a5400000, 0x00000000a5500000|  0%| F|  |TAMS 0x00000000a5400000| PB 0x00000000a5400000| Untracked 
| 597|0x00000000a5500000, 0x00000000a5500000, 0x00000000a5600000|  0%| F|  |TAMS 0x00000000a5500000| PB 0x00000000a5500000| Untracked 
| 598|0x00000000a5600000, 0x00000000a5600000, 0x00000000a5700000|  0%| F|  |TAMS 0x00000000a5600000| PB 0x00000000a5600000| Untracked 
| 599|0x00000000a5700000, 0x00000000a5700000, 0x00000000a5800000|  0%| F|  |TAMS 0x00000000a5700000| PB 0x00000000a5700000| Untracked 
| 600|0x00000000a5800000, 0x00000000a5800000, 0x00000000a5900000|  0%| F|  |TAMS 0x00000000a5800000| PB 0x00000000a5800000| Untracked 
| 601|0x00000000a5900000, 0x00000000a5900000, 0x00000000a5a00000|  0%| F|  |TAMS 0x00000000a5900000| PB 0x00000000a5900000| Untracked 
| 602|0x00000000a5a00000, 0x00000000a5a00000, 0x00000000a5b00000|  0%| F|  |TAMS 0x00000000a5a00000| PB 0x00000000a5a00000| Untracked 
| 603|0x00000000a5b00000, 0x00000000a5b00000, 0x00000000a5c00000|  0%| F|  |TAMS 0x00000000a5b00000| PB 0x00000000a5b00000| Untracked 
| 604|0x00000000a5c00000, 0x00000000a5c00000, 0x00000000a5d00000|  0%| F|  |TAMS 0x00000000a5c00000| PB 0x00000000a5c00000| Untracked 
| 605|0x00000000a5d00000, 0x00000000a5d00000, 0x00000000a5e00000|  0%| F|  |TAMS 0x00000000a5d00000| PB 0x00000000a5d00000| Untracked 
| 606|0x00000000a5e00000, 0x00000000a5e00000, 0x00000000a5f00000|  0%| F|  |TAMS 0x00000000a5e00000| PB 0x00000000a5e00000| Untracked 
| 607|0x00000000a5f00000, 0x00000000a5f00000, 0x00000000a6000000|  0%| F|  |TAMS 0x00000000a5f00000| PB 0x00000000a5f00000| Untracked 
| 608|0x00000000a6000000, 0x00000000a6000000, 0x00000000a6100000|  0%| F|  |TAMS 0x00000000a6000000| PB 0x00000000a6000000| Untracked 
| 609|0x00000000a6100000, 0x00000000a6100000, 0x00000000a6200000|  0%| F|  |TAMS 0x00000000a6100000| PB 0x00000000a6100000| Untracked 
| 610|0x00000000a6200000, 0x00000000a6200000, 0x00000000a6300000|  0%| F|  |TAMS 0x00000000a6200000| PB 0x00000000a6200000| Untracked 
| 611|0x00000000a6300000, 0x00000000a6300000, 0x00000000a6400000|  0%| F|  |TAMS 0x00000000a6300000| PB 0x00000000a6300000| Untracked 
| 612|0x00000000a6400000, 0x00000000a6400000, 0x00000000a6500000|  0%| F|  |TAMS 0x00000000a6400000| PB 0x00000000a6400000| Untracked 
| 613|0x00000000a6500000, 0x00000000a6500000, 0x00000000a6600000|  0%| F|  |TAMS 0x00000000a6500000| PB 0x00000000a6500000| Untracked 
| 614|0x00000000a6600000, 0x00000000a6600000, 0x00000000a6700000|  0%| F|  |TAMS 0x00000000a6600000| PB 0x00000000a6600000| Untracked 
| 615|0x00000000a6700000, 0x00000000a6700000, 0x00000000a6800000|  0%| F|  |TAMS 0x00000000a6700000| PB 0x00000000a6700000| Untracked 
| 616|0x00000000a6800000, 0x00000000a6800000, 0x00000000a6900000|  0%| F|  |TAMS 0x00000000a6800000| PB 0x00000000a6800000| Untracked 
| 617|0x00000000a6900000, 0x00000000a6900000, 0x00000000a6a00000|  0%| F|  |TAMS 0x00000000a6900000| PB 0x00000000a6900000| Untracked 
| 618|0x00000000a6a00000, 0x00000000a6a00000, 0x00000000a6b00000|  0%| F|  |TAMS 0x00000000a6a00000| PB 0x00000000a6a00000| Untracked 
| 619|0x00000000a6b00000, 0x00000000a6b00000, 0x00000000a6c00000|  0%| F|  |TAMS 0x00000000a6b00000| PB 0x00000000a6b00000| Untracked 
| 620|0x00000000a6c00000, 0x00000000a6c00000, 0x00000000a6d00000|  0%| F|  |TAMS 0x00000000a6c00000| PB 0x00000000a6c00000| Untracked 
| 621|0x00000000a6d00000, 0x00000000a6d00000, 0x00000000a6e00000|  0%| F|  |TAMS 0x00000000a6d00000| PB 0x00000000a6d00000| Untracked 
| 622|0x00000000a6e00000, 0x00000000a6e00000, 0x00000000a6f00000|  0%| F|  |TAMS 0x00000000a6e00000| PB 0x00000000a6e00000| Untracked 
| 623|0x00000000a6f00000, 0x00000000a6f00000, 0x00000000a7000000|  0%| F|  |TAMS 0x00000000a6f00000| PB 0x00000000a6f00000| Untracked 
| 624|0x00000000a7000000, 0x00000000a7000000, 0x00000000a7100000|  0%| F|  |TAMS 0x00000000a7000000| PB 0x00000000a7000000| Untracked 
| 625|0x00000000a7100000, 0x00000000a7100000, 0x00000000a7200000|  0%| F|  |TAMS 0x00000000a7100000| PB 0x00000000a7100000| Untracked 
| 626|0x00000000a7200000, 0x00000000a7200000, 0x00000000a7300000|  0%| F|  |TAMS 0x00000000a7200000| PB 0x00000000a7200000| Untracked 
| 627|0x00000000a7300000, 0x00000000a7300000, 0x00000000a7400000|  0%| F|  |TAMS 0x00000000a7300000| PB 0x00000000a7300000| Untracked 
| 628|0x00000000a7400000, 0x00000000a7400000, 0x00000000a7500000|  0%| F|  |TAMS 0x00000000a7400000| PB 0x00000000a7400000| Untracked 
| 629|0x00000000a7500000, 0x00000000a7500000, 0x00000000a7600000|  0%| F|  |TAMS 0x00000000a7500000| PB 0x00000000a7500000| Untracked 
| 630|0x00000000a7600000, 0x00000000a7600000, 0x00000000a7700000|  0%| F|  |TAMS 0x00000000a7600000| PB 0x00000000a7600000| Untracked 
| 631|0x00000000a7700000, 0x00000000a7700000, 0x00000000a7800000|  0%| F|  |TAMS 0x00000000a7700000| PB 0x00000000a7700000| Untracked 
| 632|0x00000000a7800000, 0x00000000a7800000, 0x00000000a7900000|  0%| F|  |TAMS 0x00000000a7800000| PB 0x00000000a7800000| Untracked 
| 633|0x00000000a7900000, 0x00000000a7900000, 0x00000000a7a00000|  0%| F|  |TAMS 0x00000000a7900000| PB 0x00000000a7900000| Untracked 
| 634|0x00000000a7a00000, 0x00000000a7a00000, 0x00000000a7b00000|  0%| F|  |TAMS 0x00000000a7a00000| PB 0x00000000a7a00000| Untracked 
| 635|0x00000000a7b00000, 0x00000000a7b00000, 0x00000000a7c00000|  0%| F|  |TAMS 0x00000000a7b00000| PB 0x00000000a7b00000| Untracked 
| 636|0x00000000a7c00000, 0x00000000a7c00000, 0x00000000a7d00000|  0%| F|  |TAMS 0x00000000a7c00000| PB 0x00000000a7c00000| Untracked 
| 637|0x00000000a7d00000, 0x00000000a7d00000, 0x00000000a7e00000|  0%| F|  |TAMS 0x00000000a7d00000| PB 0x00000000a7d00000| Untracked 
| 638|0x00000000a7e00000, 0x00000000a7e00000, 0x00000000a7f00000|  0%| F|  |TAMS 0x00000000a7e00000| PB 0x00000000a7e00000| Untracked 
| 639|0x00000000a7f00000, 0x00000000a7f00000, 0x00000000a8000000|  0%| F|  |TAMS 0x00000000a7f00000| PB 0x00000000a7f00000| Untracked 
| 640|0x00000000a8000000, 0x00000000a8000000, 0x00000000a8100000|  0%| F|  |TAMS 0x00000000a8000000| PB 0x00000000a8000000| Untracked 
| 641|0x00000000a8100000, 0x00000000a8100000, 0x00000000a8200000|  0%| F|  |TAMS 0x00000000a8100000| PB 0x00000000a8100000| Untracked 
| 642|0x00000000a8200000, 0x00000000a8200000, 0x00000000a8300000|  0%| F|  |TAMS 0x00000000a8200000| PB 0x00000000a8200000| Untracked 
| 643|0x00000000a8300000, 0x00000000a8300000, 0x00000000a8400000|  0%| F|  |TAMS 0x00000000a8300000| PB 0x00000000a8300000| Untracked 
| 644|0x00000000a8400000, 0x00000000a8400000, 0x00000000a8500000|  0%| F|  |TAMS 0x00000000a8400000| PB 0x00000000a8400000| Untracked 
| 645|0x00000000a8500000, 0x00000000a8500000, 0x00000000a8600000|  0%| F|  |TAMS 0x00000000a8500000| PB 0x00000000a8500000| Untracked 
| 646|0x00000000a8600000, 0x00000000a8600000, 0x00000000a8700000|  0%| F|  |TAMS 0x00000000a8600000| PB 0x00000000a8600000| Untracked 
| 647|0x00000000a8700000, 0x00000000a8700000, 0x00000000a8800000|  0%| F|  |TAMS 0x00000000a8700000| PB 0x00000000a8700000| Untracked 
| 648|0x00000000a8800000, 0x00000000a8800000, 0x00000000a8900000|  0%| F|  |TAMS 0x00000000a8800000| PB 0x00000000a8800000| Untracked 
| 649|0x00000000a8900000, 0x00000000a8900000, 0x00000000a8a00000|  0%| F|  |TAMS 0x00000000a8900000| PB 0x00000000a8900000| Untracked 
| 650|0x00000000a8a00000, 0x00000000a8a00000, 0x00000000a8b00000|  0%| F|  |TAMS 0x00000000a8a00000| PB 0x00000000a8a00000| Untracked 
| 651|0x00000000a8b00000, 0x00000000a8b00000, 0x00000000a8c00000|  0%| F|  |TAMS 0x00000000a8b00000| PB 0x00000000a8b00000| Untracked 
| 652|0x00000000a8c00000, 0x00000000a8c00000, 0x00000000a8d00000|  0%| F|  |TAMS 0x00000000a8c00000| PB 0x00000000a8c00000| Untracked 
| 653|0x00000000a8d00000, 0x00000000a8d00000, 0x00000000a8e00000|  0%| F|  |TAMS 0x00000000a8d00000| PB 0x00000000a8d00000| Untracked 
| 654|0x00000000a8e00000, 0x00000000a8e00000, 0x00000000a8f00000|  0%| F|  |TAMS 0x00000000a8e00000| PB 0x00000000a8e00000| Untracked 
| 655|0x00000000a8f00000, 0x00000000a8f00000, 0x00000000a9000000|  0%| F|  |TAMS 0x00000000a8f00000| PB 0x00000000a8f00000| Untracked 
| 656|0x00000000a9000000, 0x00000000a9000000, 0x00000000a9100000|  0%| F|  |TAMS 0x00000000a9000000| PB 0x00000000a9000000| Untracked 
| 657|0x00000000a9100000, 0x00000000a9100000, 0x00000000a9200000|  0%| F|  |TAMS 0x00000000a9100000| PB 0x00000000a9100000| Untracked 
| 658|0x00000000a9200000, 0x00000000a9200000, 0x00000000a9300000|  0%| F|  |TAMS 0x00000000a9200000| PB 0x00000000a9200000| Untracked 
| 659|0x00000000a9300000, 0x00000000a9300000, 0x00000000a9400000|  0%| F|  |TAMS 0x00000000a9300000| PB 0x00000000a9300000| Untracked 
| 660|0x00000000a9400000, 0x00000000a9400000, 0x00000000a9500000|  0%| F|  |TAMS 0x00000000a9400000| PB 0x00000000a9400000| Untracked 
| 661|0x00000000a9500000, 0x00000000a9500000, 0x00000000a9600000|  0%| F|  |TAMS 0x00000000a9500000| PB 0x00000000a9500000| Untracked 
| 662|0x00000000a9600000, 0x00000000a9600000, 0x00000000a9700000|  0%| F|  |TAMS 0x00000000a9600000| PB 0x00000000a9600000| Untracked 
| 663|0x00000000a9700000, 0x00000000a9700000, 0x00000000a9800000|  0%| F|  |TAMS 0x00000000a9700000| PB 0x00000000a9700000| Untracked 
| 664|0x00000000a9800000, 0x00000000a9800000, 0x00000000a9900000|  0%| F|  |TAMS 0x00000000a9800000| PB 0x00000000a9800000| Untracked 
| 665|0x00000000a9900000, 0x00000000a9900000, 0x00000000a9a00000|  0%| F|  |TAMS 0x00000000a9900000| PB 0x00000000a9900000| Untracked 
| 666|0x00000000a9a00000, 0x00000000a9a00000, 0x00000000a9b00000|  0%| F|  |TAMS 0x00000000a9a00000| PB 0x00000000a9a00000| Untracked 
| 667|0x00000000a9b00000, 0x00000000a9b00000, 0x00000000a9c00000|  0%| F|  |TAMS 0x00000000a9b00000| PB 0x00000000a9b00000| Untracked 
| 668|0x00000000a9c00000, 0x00000000a9c00000, 0x00000000a9d00000|  0%| F|  |TAMS 0x00000000a9c00000| PB 0x00000000a9c00000| Untracked 
| 669|0x00000000a9d00000, 0x00000000a9d00000, 0x00000000a9e00000|  0%| F|  |TAMS 0x00000000a9d00000| PB 0x00000000a9d00000| Untracked 
| 670|0x00000000a9e00000, 0x00000000a9e00000, 0x00000000a9f00000|  0%| F|  |TAMS 0x00000000a9e00000| PB 0x00000000a9e00000| Untracked 
| 671|0x00000000a9f00000, 0x00000000a9f00000, 0x00000000aa000000|  0%| F|  |TAMS 0x00000000a9f00000| PB 0x00000000a9f00000| Untracked 
| 672|0x00000000aa000000, 0x00000000aa000000, 0x00000000aa100000|  0%| F|  |TAMS 0x00000000aa000000| PB 0x00000000aa000000| Untracked 
| 673|0x00000000aa100000, 0x00000000aa100000, 0x00000000aa200000|  0%| F|  |TAMS 0x00000000aa100000| PB 0x00000000aa100000| Untracked 
| 674|0x00000000aa200000, 0x00000000aa200000, 0x00000000aa300000|  0%| F|  |TAMS 0x00000000aa200000| PB 0x00000000aa200000| Untracked 
| 675|0x00000000aa300000, 0x00000000aa300000, 0x00000000aa400000|  0%| F|  |TAMS 0x00000000aa300000| PB 0x00000000aa300000| Untracked 
| 676|0x00000000aa400000, 0x00000000aa400000, 0x00000000aa500000|  0%| F|  |TAMS 0x00000000aa400000| PB 0x00000000aa400000| Untracked 
| 677|0x00000000aa500000, 0x00000000aa500000, 0x00000000aa600000|  0%| F|  |TAMS 0x00000000aa500000| PB 0x00000000aa500000| Untracked 
| 678|0x00000000aa600000, 0x00000000aa600000, 0x00000000aa700000|  0%| F|  |TAMS 0x00000000aa600000| PB 0x00000000aa600000| Untracked 
| 679|0x00000000aa700000, 0x00000000aa700000, 0x00000000aa800000|  0%| F|  |TAMS 0x00000000aa700000| PB 0x00000000aa700000| Untracked 
| 680|0x00000000aa800000, 0x00000000aa800000, 0x00000000aa900000|  0%| F|  |TAMS 0x00000000aa800000| PB 0x00000000aa800000| Untracked 
| 681|0x00000000aa900000, 0x00000000aa900000, 0x00000000aaa00000|  0%| F|  |TAMS 0x00000000aa900000| PB 0x00000000aa900000| Untracked 
| 682|0x00000000aaa00000, 0x00000000aaa00000, 0x00000000aab00000|  0%| F|  |TAMS 0x00000000aaa00000| PB 0x00000000aaa00000| Untracked 
| 683|0x00000000aab00000, 0x00000000aab00000, 0x00000000aac00000|  0%| F|  |TAMS 0x00000000aab00000| PB 0x00000000aab00000| Untracked 
| 684|0x00000000aac00000, 0x00000000aac00000, 0x00000000aad00000|  0%| F|  |TAMS 0x00000000aac00000| PB 0x00000000aac00000| Untracked 
| 685|0x00000000aad00000, 0x00000000aad00000, 0x00000000aae00000|  0%| F|  |TAMS 0x00000000aad00000| PB 0x00000000aad00000| Untracked 
| 686|0x00000000aae00000, 0x00000000aae00000, 0x00000000aaf00000|  0%| F|  |TAMS 0x00000000aae00000| PB 0x00000000aae00000| Untracked 
| 687|0x00000000aaf00000, 0x00000000aaf00000, 0x00000000ab000000|  0%| F|  |TAMS 0x00000000aaf00000| PB 0x00000000aaf00000| Untracked 
| 688|0x00000000ab000000, 0x00000000ab000000, 0x00000000ab100000|  0%| F|  |TAMS 0x00000000ab000000| PB 0x00000000ab000000| Untracked 
| 689|0x00000000ab100000, 0x00000000ab100000, 0x00000000ab200000|  0%| F|  |TAMS 0x00000000ab100000| PB 0x00000000ab100000| Untracked 
| 690|0x00000000ab200000, 0x00000000ab200000, 0x00000000ab300000|  0%| F|  |TAMS 0x00000000ab200000| PB 0x00000000ab200000| Untracked 
| 691|0x00000000ab300000, 0x00000000ab300000, 0x00000000ab400000|  0%| F|  |TAMS 0x00000000ab300000| PB 0x00000000ab300000| Untracked 
| 692|0x00000000ab400000, 0x00000000ab400000, 0x00000000ab500000|  0%| F|  |TAMS 0x00000000ab400000| PB 0x00000000ab400000| Untracked 
| 693|0x00000000ab500000, 0x00000000ab500000, 0x00000000ab600000|  0%| F|  |TAMS 0x00000000ab500000| PB 0x00000000ab500000| Untracked 
| 694|0x00000000ab600000, 0x00000000ab600000, 0x00000000ab700000|  0%| F|  |TAMS 0x00000000ab600000| PB 0x00000000ab600000| Untracked 
| 695|0x00000000ab700000, 0x00000000ab700000, 0x00000000ab800000|  0%| F|  |TAMS 0x00000000ab700000| PB 0x00000000ab700000| Untracked 
| 696|0x00000000ab800000, 0x00000000ab800000, 0x00000000ab900000|  0%| F|  |TAMS 0x00000000ab800000| PB 0x00000000ab800000| Untracked 
| 697|0x00000000ab900000, 0x00000000ab900000, 0x00000000aba00000|  0%| F|  |TAMS 0x00000000ab900000| PB 0x00000000ab900000| Untracked 
| 698|0x00000000aba00000, 0x00000000aba00000, 0x00000000abb00000|  0%| F|  |TAMS 0x00000000aba00000| PB 0x00000000aba00000| Untracked 
| 699|0x00000000abb00000, 0x00000000abb00000, 0x00000000abc00000|  0%| F|  |TAMS 0x00000000abb00000| PB 0x00000000abb00000| Untracked 
| 700|0x00000000abc00000, 0x00000000abc00000, 0x00000000abd00000|  0%| F|  |TAMS 0x00000000abc00000| PB 0x00000000abc00000| Untracked 
| 701|0x00000000abd00000, 0x00000000abd00000, 0x00000000abe00000|  0%| F|  |TAMS 0x00000000abd00000| PB 0x00000000abd00000| Untracked 
| 702|0x00000000abe00000, 0x00000000abe00000, 0x00000000abf00000|  0%| F|  |TAMS 0x00000000abe00000| PB 0x00000000abe00000| Untracked 
| 703|0x00000000abf00000, 0x00000000abf00000, 0x00000000ac000000|  0%| F|  |TAMS 0x00000000abf00000| PB 0x00000000abf00000| Untracked 
| 704|0x00000000ac000000, 0x00000000ac000000, 0x00000000ac100000|  0%| F|  |TAMS 0x00000000ac000000| PB 0x00000000ac000000| Untracked 
| 705|0x00000000ac100000, 0x00000000ac100000, 0x00000000ac200000|  0%| F|  |TAMS 0x00000000ac100000| PB 0x00000000ac100000| Untracked 
| 706|0x00000000ac200000, 0x00000000ac200000, 0x00000000ac300000|  0%| F|  |TAMS 0x00000000ac200000| PB 0x00000000ac200000| Untracked 
| 707|0x00000000ac300000, 0x00000000ac300000, 0x00000000ac400000|  0%| F|  |TAMS 0x00000000ac300000| PB 0x00000000ac300000| Untracked 
| 708|0x00000000ac400000, 0x00000000ac400000, 0x00000000ac500000|  0%| F|  |TAMS 0x00000000ac400000| PB 0x00000000ac400000| Untracked 
| 709|0x00000000ac500000, 0x00000000ac500000, 0x00000000ac600000|  0%| F|  |TAMS 0x00000000ac500000| PB 0x00000000ac500000| Untracked 
| 710|0x00000000ac600000, 0x00000000ac600000, 0x00000000ac700000|  0%| F|  |TAMS 0x00000000ac600000| PB 0x00000000ac600000| Untracked 
| 711|0x00000000ac700000, 0x00000000ac700000, 0x00000000ac800000|  0%| F|  |TAMS 0x00000000ac700000| PB 0x00000000ac700000| Untracked 
| 712|0x00000000ac800000, 0x00000000ac800000, 0x00000000ac900000|  0%| F|  |TAMS 0x00000000ac800000| PB 0x00000000ac800000| Untracked 
| 713|0x00000000ac900000, 0x00000000ac900000, 0x00000000aca00000|  0%| F|  |TAMS 0x00000000ac900000| PB 0x00000000ac900000| Untracked 
| 714|0x00000000aca00000, 0x00000000aca00000, 0x00000000acb00000|  0%| F|  |TAMS 0x00000000aca00000| PB 0x00000000aca00000| Untracked 
| 715|0x00000000acb00000, 0x00000000acb00000, 0x00000000acc00000|  0%| F|  |TAMS 0x00000000acb00000| PB 0x00000000acb00000| Untracked 
| 716|0x00000000acc00000, 0x00000000acc00000, 0x00000000acd00000|  0%| F|  |TAMS 0x00000000acc00000| PB 0x00000000acc00000| Untracked 
| 717|0x00000000acd00000, 0x00000000acd00000, 0x00000000ace00000|  0%| F|  |TAMS 0x00000000acd00000| PB 0x00000000acd00000| Untracked 
| 718|0x00000000ace00000, 0x00000000ace00000, 0x00000000acf00000|  0%| F|  |TAMS 0x00000000ace00000| PB 0x00000000ace00000| Untracked 
| 719|0x00000000acf00000, 0x00000000acf00000, 0x00000000ad000000|  0%| F|  |TAMS 0x00000000acf00000| PB 0x00000000acf00000| Untracked 
| 720|0x00000000ad000000, 0x00000000ad000000, 0x00000000ad100000|  0%| F|  |TAMS 0x00000000ad000000| PB 0x00000000ad000000| Untracked 
| 721|0x00000000ad100000, 0x00000000ad100000, 0x00000000ad200000|  0%| F|  |TAMS 0x00000000ad100000| PB 0x00000000ad100000| Untracked 
| 722|0x00000000ad200000, 0x00000000ad200000, 0x00000000ad300000|  0%| F|  |TAMS 0x00000000ad200000| PB 0x00000000ad200000| Untracked 
| 723|0x00000000ad300000, 0x00000000ad300000, 0x00000000ad400000|  0%| F|  |TAMS 0x00000000ad300000| PB 0x00000000ad300000| Untracked 
| 724|0x00000000ad400000, 0x00000000ad400000, 0x00000000ad500000|  0%| F|  |TAMS 0x00000000ad400000| PB 0x00000000ad400000| Untracked 
| 725|0x00000000ad500000, 0x00000000ad500000, 0x00000000ad600000|  0%| F|  |TAMS 0x00000000ad500000| PB 0x00000000ad500000| Untracked 
| 726|0x00000000ad600000, 0x00000000ad600000, 0x00000000ad700000|  0%| F|  |TAMS 0x00000000ad600000| PB 0x00000000ad600000| Untracked 
| 727|0x00000000ad700000, 0x00000000ad700000, 0x00000000ad800000|  0%| F|  |TAMS 0x00000000ad700000| PB 0x00000000ad700000| Untracked 
| 728|0x00000000ad800000, 0x00000000ad800000, 0x00000000ad900000|  0%| F|  |TAMS 0x00000000ad800000| PB 0x00000000ad800000| Untracked 
| 729|0x00000000ad900000, 0x00000000ad900000, 0x00000000ada00000|  0%| F|  |TAMS 0x00000000ad900000| PB 0x00000000ad900000| Untracked 
| 730|0x00000000ada00000, 0x00000000ada00000, 0x00000000adb00000|  0%| F|  |TAMS 0x00000000ada00000| PB 0x00000000ada00000| Untracked 
| 731|0x00000000adb00000, 0x00000000adb00000, 0x00000000adc00000|  0%| F|  |TAMS 0x00000000adb00000| PB 0x00000000adb00000| Untracked 
| 732|0x00000000adc00000, 0x00000000adc00000, 0x00000000add00000|  0%| F|  |TAMS 0x00000000adc00000| PB 0x00000000adc00000| Untracked 
| 733|0x00000000add00000, 0x00000000add00000, 0x00000000ade00000|  0%| F|  |TAMS 0x00000000add00000| PB 0x00000000add00000| Untracked 
| 734|0x00000000ade00000, 0x00000000ade00000, 0x00000000adf00000|  0%| F|  |TAMS 0x00000000ade00000| PB 0x00000000ade00000| Untracked 
| 735|0x00000000adf00000, 0x00000000adf00000, 0x00000000ae000000|  0%| F|  |TAMS 0x00000000adf00000| PB 0x00000000adf00000| Untracked 
| 736|0x00000000ae000000, 0x00000000ae000000, 0x00000000ae100000|  0%| F|  |TAMS 0x00000000ae000000| PB 0x00000000ae000000| Untracked 
| 737|0x00000000ae100000, 0x00000000ae100000, 0x00000000ae200000|  0%| F|  |TAMS 0x00000000ae100000| PB 0x00000000ae100000| Untracked 
| 738|0x00000000ae200000, 0x00000000ae200000, 0x00000000ae300000|  0%| F|  |TAMS 0x00000000ae200000| PB 0x00000000ae200000| Untracked 
| 739|0x00000000ae300000, 0x00000000ae300000, 0x00000000ae400000|  0%| F|  |TAMS 0x00000000ae300000| PB 0x00000000ae300000| Untracked 
| 740|0x00000000ae400000, 0x00000000ae400000, 0x00000000ae500000|  0%| F|  |TAMS 0x00000000ae400000| PB 0x00000000ae400000| Untracked 
| 741|0x00000000ae500000, 0x00000000ae500000, 0x00000000ae600000|  0%| F|  |TAMS 0x00000000ae500000| PB 0x00000000ae500000| Untracked 
| 742|0x00000000ae600000, 0x00000000ae600000, 0x00000000ae700000|  0%| F|  |TAMS 0x00000000ae600000| PB 0x00000000ae600000| Untracked 
| 743|0x00000000ae700000, 0x00000000ae700000, 0x00000000ae800000|  0%| F|  |TAMS 0x00000000ae700000| PB 0x00000000ae700000| Untracked 
| 744|0x00000000ae800000, 0x00000000ae800000, 0x00000000ae900000|  0%| F|  |TAMS 0x00000000ae800000| PB 0x00000000ae800000| Untracked 
| 745|0x00000000ae900000, 0x00000000ae900000, 0x00000000aea00000|  0%| F|  |TAMS 0x00000000ae900000| PB 0x00000000ae900000| Untracked 
| 746|0x00000000aea00000, 0x00000000aea00000, 0x00000000aeb00000|  0%| F|  |TAMS 0x00000000aea00000| PB 0x00000000aea00000| Untracked 
| 747|0x00000000aeb00000, 0x00000000aeb00000, 0x00000000aec00000|  0%| F|  |TAMS 0x00000000aeb00000| PB 0x00000000aeb00000| Untracked 
| 748|0x00000000aec00000, 0x00000000aec00000, 0x00000000aed00000|  0%| F|  |TAMS 0x00000000aec00000| PB 0x00000000aec00000| Untracked 
| 749|0x00000000aed00000, 0x00000000aed00000, 0x00000000aee00000|  0%| F|  |TAMS 0x00000000aed00000| PB 0x00000000aed00000| Untracked 
| 750|0x00000000aee00000, 0x00000000aee00000, 0x00000000aef00000|  0%| F|  |TAMS 0x00000000aee00000| PB 0x00000000aee00000| Untracked 
| 751|0x00000000aef00000, 0x00000000aef00000, 0x00000000af000000|  0%| F|  |TAMS 0x00000000aef00000| PB 0x00000000aef00000| Untracked 
| 752|0x00000000af000000, 0x00000000af000000, 0x00000000af100000|  0%| F|  |TAMS 0x00000000af000000| PB 0x00000000af000000| Untracked 
| 753|0x00000000af100000, 0x00000000af100000, 0x00000000af200000|  0%| F|  |TAMS 0x00000000af100000| PB 0x00000000af100000| Untracked 
| 754|0x00000000af200000, 0x00000000af28c628, 0x00000000af300000| 54%| S|CS|TAMS 0x00000000af200000| PB 0x00000000af200000| Complete 
| 755|0x00000000af300000, 0x00000000af300000, 0x00000000af400000|  0%| F|  |TAMS 0x00000000af300000| PB 0x00000000af300000| Untracked 
| 756|0x00000000af400000, 0x00000000af400000, 0x00000000af500000|  0%| F|  |TAMS 0x00000000af400000| PB 0x00000000af400000| Untracked 
| 757|0x00000000af500000, 0x00000000af500000, 0x00000000af600000|  0%| F|  |TAMS 0x00000000af500000| PB 0x00000000af500000| Untracked 
| 758|0x00000000af600000, 0x00000000af600000, 0x00000000af700000|  0%| F|  |TAMS 0x00000000af600000| PB 0x00000000af600000| Untracked 
| 759|0x00000000af700000, 0x00000000af800000, 0x00000000af800000|100%| S|CS|TAMS 0x00000000af700000| PB 0x00000000af700000| Complete 
| 760|0x00000000af800000, 0x00000000af900000, 0x00000000af900000|100%| S|CS|TAMS 0x00000000af800000| PB 0x00000000af800000| Complete 
| 761|0x00000000af900000, 0x00000000afa00000, 0x00000000afa00000|100%| S|CS|TAMS 0x00000000af900000| PB 0x00000000af900000| Complete 
| 762|0x00000000afa00000, 0x00000000afb00000, 0x00000000afb00000|100%| S|CS|TAMS 0x00000000afa00000| PB 0x00000000afa00000| Complete 
| 763|0x00000000afb00000, 0x00000000afb00000, 0x00000000afc00000|  0%| F|  |TAMS 0x00000000afb00000| PB 0x00000000afb00000| Untracked 
| 764|0x00000000afc00000, 0x00000000afc00000, 0x00000000afd00000|  0%| F|  |TAMS 0x00000000afc00000| PB 0x00000000afc00000| Untracked 
| 765|0x00000000afd00000, 0x00000000afd00000, 0x00000000afe00000|  0%| F|  |TAMS 0x00000000afd00000| PB 0x00000000afd00000| Untracked 
| 766|0x00000000afe00000, 0x00000000afe00000, 0x00000000aff00000|  0%| F|  |TAMS 0x00000000afe00000| PB 0x00000000afe00000| Untracked 
| 767|0x00000000aff00000, 0x00000000aff00000, 0x00000000b0000000|  0%| F|  |TAMS 0x00000000aff00000| PB 0x00000000aff00000| Untracked 
| 768|0x00000000b0000000, 0x00000000b0000000, 0x00000000b0100000|  0%| F|  |TAMS 0x00000000b0000000| PB 0x00000000b0000000| Untracked 
| 769|0x00000000b0100000, 0x00000000b0100000, 0x00000000b0200000|  0%| F|  |TAMS 0x00000000b0100000| PB 0x00000000b0100000| Untracked 
| 770|0x00000000b0200000, 0x00000000b0200000, 0x00000000b0300000|  0%| F|  |TAMS 0x00000000b0200000| PB 0x00000000b0200000| Untracked 
| 771|0x00000000b0300000, 0x00000000b0300000, 0x00000000b0400000|  0%| F|  |TAMS 0x00000000b0300000| PB 0x00000000b0300000| Untracked 
| 772|0x00000000b0400000, 0x00000000b0400000, 0x00000000b0500000|  0%| F|  |TAMS 0x00000000b0400000| PB 0x00000000b0400000| Untracked 
| 773|0x00000000b0500000, 0x00000000b0500000, 0x00000000b0600000|  0%| F|  |TAMS 0x00000000b0500000| PB 0x00000000b0500000| Untracked 
| 774|0x00000000b0600000, 0x00000000b0600000, 0x00000000b0700000|  0%| F|  |TAMS 0x00000000b0600000| PB 0x00000000b0600000| Untracked 
| 775|0x00000000b0700000, 0x00000000b0700000, 0x00000000b0800000|  0%| F|  |TAMS 0x00000000b0700000| PB 0x00000000b0700000| Untracked 
| 776|0x00000000b0800000, 0x00000000b0800000, 0x00000000b0900000|  0%| F|  |TAMS 0x00000000b0800000| PB 0x00000000b0800000| Untracked 
| 777|0x00000000b0900000, 0x00000000b0900000, 0x00000000b0a00000|  0%| F|  |TAMS 0x00000000b0900000| PB 0x00000000b0900000| Untracked 
| 778|0x00000000b0a00000, 0x00000000b0a00000, 0x00000000b0b00000|  0%| F|  |TAMS 0x00000000b0a00000| PB 0x00000000b0a00000| Untracked 
| 779|0x00000000b0b00000, 0x00000000b0b00000, 0x00000000b0c00000|  0%| F|  |TAMS 0x00000000b0b00000| PB 0x00000000b0b00000| Untracked 
| 780|0x00000000b0c00000, 0x00000000b0c00000, 0x00000000b0d00000|  0%| F|  |TAMS 0x00000000b0c00000| PB 0x00000000b0c00000| Untracked 
| 781|0x00000000b0d00000, 0x00000000b0d00000, 0x00000000b0e00000|  0%| F|  |TAMS 0x00000000b0d00000| PB 0x00000000b0d00000| Untracked 
| 782|0x00000000b0e00000, 0x00000000b0e00000, 0x00000000b0f00000|  0%| F|  |TAMS 0x00000000b0e00000| PB 0x00000000b0e00000| Untracked 
|2031|0x00000000fef00000, 0x00000000fef00000, 0x00000000ff000000|  0%| F|  |TAMS 0x00000000fef00000| PB 0x00000000fef00000| Untracked 
|2032|0x00000000ff000000, 0x00000000ff000000, 0x00000000ff100000|  0%| F|  |TAMS 0x00000000ff000000| PB 0x00000000ff000000| Untracked 
|2033|0x00000000ff100000, 0x00000000ff100000, 0x00000000ff200000|  0%| F|  |TAMS 0x00000000ff100000| PB 0x00000000ff100000| Untracked 
|2034|0x00000000ff200000, 0x00000000ff200000, 0x00000000ff300000|  0%| F|  |TAMS 0x00000000ff200000| PB 0x00000000ff200000| Untracked 
|2035|0x00000000ff300000, 0x00000000ff300000, 0x00000000ff400000|  0%| F|  |TAMS 0x00000000ff300000| PB 0x00000000ff300000| Untracked 
|2036|0x00000000ff400000, 0x00000000ff400000, 0x00000000ff500000|  0%| F|  |TAMS 0x00000000ff400000| PB 0x00000000ff400000| Untracked 
|2037|0x00000000ff500000, 0x00000000ff500000, 0x00000000ff600000|  0%| F|  |TAMS 0x00000000ff500000| PB 0x00000000ff500000| Untracked 
|2038|0x00000000ff600000, 0x00000000ff600000, 0x00000000ff700000|  0%| F|  |TAMS 0x00000000ff600000| PB 0x00000000ff600000| Untracked 
|2039|0x00000000ff700000, 0x00000000ff700000, 0x00000000ff800000|  0%| F|  |TAMS 0x00000000ff700000| PB 0x00000000ff700000| Untracked 
|2040|0x00000000ff800000, 0x00000000ff800000, 0x00000000ff900000|  0%| F|  |TAMS 0x00000000ff800000| PB 0x00000000ff800000| Untracked 
|2041|0x00000000ff900000, 0x00000000ff900000, 0x00000000ffa00000|  0%| F|  |TAMS 0x00000000ff900000| PB 0x00000000ff900000| Untracked 
|2042|0x00000000ffa00000, 0x00000000ffa00000, 0x00000000ffb00000|  0%| F|  |TAMS 0x00000000ffa00000| PB 0x00000000ffa00000| Untracked 
|2043|0x00000000ffb00000, 0x00000000ffb00000, 0x00000000ffc00000|  0%| F|  |TAMS 0x00000000ffb00000| PB 0x00000000ffb00000| Untracked 
|2044|0x00000000ffc00000, 0x00000000ffc00000, 0x00000000ffd00000|  0%| F|  |TAMS 0x00000000ffc00000| PB 0x00000000ffc00000| Untracked 
|2045|0x00000000ffd00000, 0x00000000ffd00000, 0x00000000ffe00000|  0%| F|  |TAMS 0x00000000ffd00000| PB 0x00000000ffd00000| Untracked 
|2046|0x00000000ffe00000, 0x00000000ffe00000, 0x00000000fff00000|  0%| F|  |TAMS 0x00000000ffe00000| PB 0x00000000ffe00000| Untracked 
|2047|0x00000000fff00000, 0x0000000100000000, 0x0000000100000000|100%| O|  |TAMS 0x00000000fff00000| PB 0x00000000fff00000| Untracked 

Card table byte_map: [0x000001f2750a0000,0x000001f2754a0000] _byte_map_base: 0x000001f274ca0000

Marking Bits: (CMBitMap*) 0x000001f25e0be6d0
 Bits: [0x000001f2754a0000, 0x000001f2774a0000)

Polling page: 0x000001f25e2b0000

Metaspace:

Usage:
  Non-class:    201.22 MB used.
      Class:     27.01 MB used.
       Both:    228.23 MB used.

Virtual space:
  Non-class space:      256.00 MB reserved,     202.38 MB ( 79%) committed,  4 nodes.
      Class space:      416.00 MB reserved,      28.12 MB (  7%) committed,  1 nodes.
             Both:      672.00 MB reserved,     230.50 MB ( 34%) committed. 

Chunk freelists:
   Non-Class:  4.75 MB
       Class:  3.69 MB
        Both:  8.44 MB

MaxMetaspaceSize: 512.00 MB
CompressedClassSpaceSize: 416.00 MB
Initial GC threshold: 21.00 MB
Current GC threshold: 384.19 MB
CDS: on
 - commit_granule_bytes: 65536.
 - commit_granule_words: 8192.
 - virtual_space_node_default_size: 8388608.
 - enlarge_chunks_in_place: 1.
 - use_allocation_guard: 0.


Internal statistics:

num_allocs_failed_limit: 15.
num_arena_births: 4802.
num_arena_deaths: 10.
num_vsnodes_births: 5.
num_vsnodes_deaths: 0.
num_space_committed: 3801.
num_space_uncommitted: 52.
num_chunks_returned_to_freelist: 382.
num_chunks_taken_from_freelist: 15201.
num_chunk_merges: 137.
num_chunk_splits: 10746.
num_chunks_enlarged: 7737.
num_inconsistent_stats: 0.

CodeHeap 'non-profiled nmethods': size=118848Kb used=19257Kb max_used=25577Kb free=99590Kb
 bounds [0x000001f26c550000, 0x000001f26ded0000, 0x000001f273960000]
CodeHeap 'profiled nmethods': size=118848Kb used=48217Kb max_used=81738Kb free=70630Kb
 bounds [0x000001f264960000, 0x000001f269ab0000, 0x000001f26bd70000]
CodeHeap 'non-nmethods': size=8064Kb used=3009Kb max_used=4798Kb free=5054Kb
 bounds [0x000001f26bd70000, 0x000001f26c240000, 0x000001f26c550000]
CodeCache: size=245760Kb, used=70483Kb, max_used=112113Kb, free=175274Kb
 total_blobs=16469, nmethods=15220, adapters=1146, full_count=0
Compilation: enabled, stopped_count=0, restarted_count=0

Compilation events (20 events):
Event: 35.533 Thread 0x000001f27b218f50 nmethod 53061 0x000001f264cb6e10 code [0x000001f264cb6fc0, 0x000001f264cb7108]
Event: 35.533 Thread 0x000001f27b218f50 53064       1       org.jetbrains.kotlin.fir.serialization.FirElementSerializer::access$getTypeParameters$p (5 bytes)
Event: 35.533 Thread 0x000001f27b218f50 nmethod 53064 0x000001f26c6f5a90 code [0x000001f26c6f5c20, 0x000001f26c6f5cd0]
Event: 35.533 Thread 0x000001f27b218f50 53065       1       org.jetbrains.kotlin.fir.backend.FirMetadataSource$Class::getSerializedIr (5 bytes)
Event: 35.533 Thread 0x000001f23cf9c100 nmethod 53063 0x000001f264991710 code [0x000001f264991920, 0x000001f264992008]
Event: 35.533 Thread 0x000001f23cf9c100 53066       1       org.jetbrains.kotlin.metadata.ProtoBuf$Class$Builder::getFlags (5 bytes)
Event: 35.533 Thread 0x000001f23cf9c100 nmethod 53066 0x000001f26c6f7c10 code [0x000001f26c6f7da0, 0x000001f26c6f7e68]
Event: 35.533 Thread 0x000001f27b218f50 nmethod 53065 0x000001f26c72dd90 code [0x000001f26c72df20, 0x000001f26c72dfe8]
Event: 35.534 Thread 0x000001f27b218f50 53068       3       org.jetbrains.kotlin.backend.jvm.codegen.ExpressionCodegen::visitDelegatingConstructorCall (218 bytes)
Event: 35.534 Thread 0x000001f23cf9c100 53067       3       org.jetbrains.kotlin.backend.jvm.codegen.ExpressionCodegen::visitDelegatingConstructorCall (10 bytes)
Event: 35.534 Thread 0x000001f23cf9c100 nmethod 53067 0x000001f2649bdd90 code [0x000001f2649bdf40, 0x000001f2649be170]
Event: 35.535 Thread 0x000001f27b218f50 nmethod 53068 0x000001f26613d590 code [0x000001f26613dcc0, 0x000001f266141950]
Event: 35.538 Thread 0x000001f233a0ee60 53069       4       org.jetbrains.kotlin.backend.common.linkage.issues.SignatureClashDetector$$Lambda/0x000001f203bd9ab0::apply (9 bytes)
Event: 35.539 Thread 0x000001f233a0ee60 nmethod 53069 0x000001f26c7abf10 code [0x000001f26c7ac0a0, 0x000001f26c7ac1f0]
Event: 35.543 Thread 0x000001f27b218f50 53070       3       org.jetbrains.kotlin.codegen.inline.MaxStackFrameSizeAndLocalsCalculator::visitJumpInsn (62 bytes)
Event: 35.544 Thread 0x000001f27b218f50 nmethod 53070 0x000001f265307e10 code [0x000001f2653080e0, 0x000001f265308fe0]
Event: 35.544 Thread 0x000001f233a0beb0 53071 %     4       org.jetbrains.kotlin.codegen.optimization.common.ControlFlowGraph$Builder::build @ 58 (151 bytes)
Event: 35.545 Thread 0x000001f233a0ee60 53072       4       org.jetbrains.kotlin.codegen.optimization.common.UtilKt::getIntConstant (105 bytes)
Event: 35.547 Thread 0x000001f233a0ee60 nmethod 53072 0x000001f26ca4bb10 code [0x000001f26ca4bcc0, 0x000001f26ca4bec0]
Event: 35.547 Thread 0x000001f233a0ee60 53073 %     4       org.jetbrains.kotlin.codegen.optimization.common.ControlFlowGraph::<init> @ 81 (116 bytes)

GC Heap History (20 events):
Event: 32.891 GC heap after
{Heap after GC invocations=64 (full 0):
 garbage-first heap   total 736256K, used 442232K [0x0000000080000000, 0x0000000100000000)
  region size 1024K, 13 young (13312K), 13 survivors (13312K)
 Metaspace       used 233549K, committed 235904K, reserved 688128K
  class space    used 27651K, committed 28800K, reserved 425984K
}
Event: 33.180 GC heap before
{Heap before GC invocations=64 (full 0):
 garbage-first heap   total 736256K, used 680824K [0x0000000080000000, 0x0000000100000000)
  region size 1024K, 246 young (251904K), 13 survivors (13312K)
 Metaspace       used 233576K, committed 235904K, reserved 688128K
  class space    used 27651K, committed 28800K, reserved 425984K
}
Event: 33.205 GC heap after
{Heap after GC invocations=65 (full 0):
 garbage-first heap   total 736256K, used 454374K [0x0000000080000000, 0x0000000100000000)
  region size 1024K, 30 young (30720K), 30 survivors (30720K)
 Metaspace       used 233576K, committed 235904K, reserved 688128K
  class space    used 27651K, committed 28800K, reserved 425984K
}
Event: 33.450 GC heap before
{Heap before GC invocations=65 (full 0):
 garbage-first heap   total 736256K, used 670438K [0x0000000080000000, 0x0000000100000000)
  region size 1024K, 241 young (246784K), 30 survivors (30720K)
 Metaspace       used 233610K, committed 235968K, reserved 688128K
  class space    used 27651K, committed 28800K, reserved 425984K
}
Event: 33.461 GC heap after
{Heap after GC invocations=66 (full 0):
 garbage-first heap   total 736256K, used 460520K [0x0000000080000000, 0x0000000100000000)
  region size 1024K, 12 young (12288K), 12 survivors (12288K)
 Metaspace       used 233610K, committed 235968K, reserved 688128K
  class space    used 27651K, committed 28800K, reserved 425984K
}
Event: 33.758 GC heap before
{Heap before GC invocations=67 (full 0):
 garbage-first heap   total 764928K, used 674536K [0x0000000080000000, 0x0000000100000000)
  region size 1024K, 223 young (228352K), 12 survivors (12288K)
 Metaspace       used 233643K, committed 235968K, reserved 688128K
  class space    used 27655K, committed 28800K, reserved 425984K
}
Event: 33.769 GC heap after
{Heap after GC invocations=68 (full 0):
 garbage-first heap   total 764928K, used 469190K [0x0000000080000000, 0x0000000100000000)
  region size 1024K, 23 young (23552K), 23 survivors (23552K)
 Metaspace       used 233643K, committed 235968K, reserved 688128K
  class space    used 27655K, committed 28800K, reserved 425984K
}
Event: 33.957 GC heap before
{Heap before GC invocations=68 (full 0):
 garbage-first heap   total 764928K, used 704710K [0x0000000080000000, 0x0000000100000000)
  region size 1024K, 253 young (259072K), 23 survivors (23552K)
 Metaspace       used 233656K, committed 236032K, reserved 688128K
  class space    used 27655K, committed 28800K, reserved 425984K
}
Event: 33.970 GC heap after
{Heap after GC invocations=69 (full 0):
 garbage-first heap   total 764928K, used 466077K [0x0000000080000000, 0x0000000100000000)
  region size 1024K, 18 young (18432K), 18 survivors (18432K)
 Metaspace       used 233656K, committed 236032K, reserved 688128K
  class space    used 27655K, committed 28800K, reserved 425984K
}
Event: 34.224 GC heap before
{Heap before GC invocations=69 (full 0):
 garbage-first heap   total 764928K, used 705693K [0x0000000080000000, 0x0000000100000000)
  region size 1024K, 252 young (258048K), 18 survivors (18432K)
 Metaspace       used 233669K, committed 236032K, reserved 688128K
  class space    used 27658K, committed 28800K, reserved 425984K
}
Event: 35.236 GC heap after
{Heap after GC invocations=70 (full 0):
 garbage-first heap   total 819200K, used 481624K [0x0000000080000000, 0x0000000100000000)
  region size 1024K, 28 young (28672K), 28 survivors (28672K)
 Metaspace       used 233669K, committed 236032K, reserved 688128K
  class space    used 27658K, committed 28800K, reserved 425984K
}
Event: 35.301 GC heap before
{Heap before GC invocations=70 (full 0):
 garbage-first heap   total 819200K, used 493912K [0x0000000080000000, 0x0000000100000000)
  region size 1024K, 40 young (40960K), 28 survivors (28672K)
 Metaspace       used 233669K, committed 236032K, reserved 688128K
  class space    used 27658K, committed 28800K, reserved 425984K
}
Event: 35.309 GC heap after
{Heap after GC invocations=71 (full 0):
 garbage-first heap   total 819200K, used 481617K [0x0000000080000000, 0x0000000100000000)
  region size 1024K, 3 young (3072K), 3 survivors (3072K)
 Metaspace       used 233669K, committed 236032K, reserved 688128K
  class space    used 27658K, committed 28800K, reserved 425984K
}
Event: 35.378 GC heap before
{Heap before GC invocations=72 (full 0):
 garbage-first heap   total 819200K, used 517457K [0x0000000080000000, 0x0000000100000000)
  region size 1024K, 40 young (40960K), 3 survivors (3072K)
 Metaspace       used 233671K, committed 236032K, reserved 688128K
  class space    used 27658K, committed 28800K, reserved 425984K
}
Event: 35.380 GC heap after
{Heap after GC invocations=73 (full 0):
 garbage-first heap   total 819200K, used 481214K [0x0000000080000000, 0x0000000100000000)
  region size 1024K, 5 young (5120K), 5 survivors (5120K)
 Metaspace       used 233671K, committed 236032K, reserved 688128K
  class space    used 27658K, committed 28800K, reserved 425984K
}
Event: 35.423 GC heap before
{Heap before GC invocations=73 (full 0):
 garbage-first heap   total 819200K, used 517054K [0x0000000080000000, 0x0000000100000000)
  region size 1024K, 40 young (40960K), 5 survivors (5120K)
 Metaspace       used 233680K, committed 236032K, reserved 688128K
  class space    used 27658K, committed 28800K, reserved 425984K
}
Event: 35.426 GC heap after
{Heap after GC invocations=74 (full 0):
 garbage-first heap   total 819200K, used 482099K [0x0000000080000000, 0x0000000100000000)
  region size 1024K, 4 young (4096K), 4 survivors (4096K)
 Metaspace       used 233680K, committed 236032K, reserved 688128K
  class space    used 27658K, committed 28800K, reserved 425984K
}
Event: 35.464 GC heap before
{Heap before GC invocations=74 (full 0):
 garbage-first heap   total 819200K, used 518963K [0x0000000080000000, 0x0000000100000000)
  region size 1024K, 40 young (40960K), 4 survivors (4096K)
 Metaspace       used 233690K, committed 236032K, reserved 688128K
  class space    used 27658K, committed 28800K, reserved 425984K
}
Event: 35.468 GC heap after
{Heap after GC invocations=75 (full 0):
 garbage-first heap   total 819200K, used 481866K [0x0000000080000000, 0x0000000100000000)
  region size 1024K, 4 young (4096K), 4 survivors (4096K)
 Metaspace       used 233690K, committed 236032K, reserved 688128K
  class space    used 27658K, committed 28800K, reserved 425984K
}
Event: 35.547 GC heap before
{Heap before GC invocations=75 (full 0):
 garbage-first heap   total 819200K, used 518730K [0x0000000080000000, 0x0000000100000000)
  region size 1024K, 40 young (40960K), 4 survivors (4096K)
 Metaspace       used 233704K, committed 236032K, reserved 688128K
  class space    used 27658K, committed 28800K, reserved 425984K
}

Dll operation events (5 events):
Event: 0.006 Loaded shared library C:\AndroidDev\.gradle\jdks\jetbrains_s_r_o_-21-amd64-windows.2\bin\java.dll
Event: 0.035 Loaded shared library C:\AndroidDev\.gradle\jdks\jetbrains_s_r_o_-21-amd64-windows.2\bin\jsvml.dll
Event: 0.045 Loaded shared library C:\AndroidDev\.gradle\jdks\jetbrains_s_r_o_-21-amd64-windows.2\bin\zip.dll
Event: 0.316 Loaded shared library C:\AndroidDev\.gradle\jdks\jetbrains_s_r_o_-21-amd64-windows.2\bin\verify.dll
Event: 16.238 Unloaded dll "C:\Users\RenéRuizOlmedo\AppData\Local\Temp\sqlite-3.41.2.2-45eb1661-a187-4f73-9c4f-5d74f8a83e14-sqlitejdbc.dll" [0x00007fff1e8d0000]

Deoptimization events (20 events):
Event: 35.541 Thread 0x000001f235162eb0 Uncommon trap: trap_request=0xffffffd6 fr.pc=0x000001f26cfdbce4 relative=0x0000000000003544
Event: 35.541 Thread 0x000001f235162eb0 Uncommon trap: reason=array_check action=maybe_recompile pc=0x000001f26cfdbce4 method=org.jetbrains.kotlin.codegen.optimization.common.ControlFlowGraph$Builder.computeExceptionHandlersForEachInsn()V @ 117 c2
Event: 35.541 Thread 0x000001f235162eb0 DEOPT PACKING pc=0x000001f26cfdbce4 sp=0x0000005af4df9e80
Event: 35.541 Thread 0x000001f235162eb0 DEOPT UNPACKING pc=0x000001f26bdc4422 sp=0x0000005af4df9d80 mode 2
Event: 35.543 Thread 0x000001f235162eb0 Uncommon trap: trap_request=0xffffff45 fr.pc=0x000001f26ddb4f30 relative=0x0000000000000b90
Event: 35.543 Thread 0x000001f235162eb0 Uncommon trap: reason=unstable_if action=reinterpret pc=0x000001f26ddb4f30 method=org.jetbrains.kotlin.codegen.inline.MaxStackFrameSizeAndLocalsCalculator.visitJumpInsn(ILorg/jetbrains/org/objectweb/asm/Label;)V @ 11 c2
Event: 35.543 Thread 0x000001f235162eb0 DEOPT PACKING pc=0x000001f26ddb4f30 sp=0x0000005af4dfacf0
Event: 35.543 Thread 0x000001f235162eb0 DEOPT UNPACKING pc=0x000001f26bdc4422 sp=0x0000005af4dfacc0 mode 2
Event: 35.544 Thread 0x000001f235162eb0 Uncommon trap: trap_request=0xffffffd6 fr.pc=0x000001f26cfdbce4 relative=0x0000000000003544
Event: 35.544 Thread 0x000001f235162eb0 Uncommon trap: reason=array_check action=maybe_recompile pc=0x000001f26cfdbce4 method=org.jetbrains.kotlin.codegen.optimization.common.ControlFlowGraph$Builder.computeExceptionHandlersForEachInsn()V @ 117 c2
Event: 35.544 Thread 0x000001f235162eb0 DEOPT PACKING pc=0x000001f26cfdbce4 sp=0x0000005af4dfbfb0
Event: 35.544 Thread 0x000001f235162eb0 DEOPT UNPACKING pc=0x000001f26bdc4422 sp=0x0000005af4dfbeb0 mode 2
Event: 35.544 Thread 0x000001f235162eb0 Uncommon trap: trap_request=0xffffffde fr.pc=0x000001f26d6bbe38 relative=0x00000000000001b8
Event: 35.544 Thread 0x000001f235162eb0 Uncommon trap: reason=class_check action=maybe_recompile pc=0x000001f26d6bbe38 method=org.jetbrains.kotlin.codegen.coroutines.UnitSourceInterpreter.merge(Lorg/jetbrains/org/objectweb/asm/tree/analysis/Value;Lorg/jetbrains/org/objectweb/asm/tree/analysis/V
Event: 35.544 Thread 0x000001f235162eb0 DEOPT PACKING pc=0x000001f26d6bbe38 sp=0x0000005af4dfba60
Event: 35.544 Thread 0x000001f235162eb0 DEOPT UNPACKING pc=0x000001f26bdc4422 sp=0x0000005af4dfb9f8 mode 2
Event: 35.544 Thread 0x000001f235162eb0 Uncommon trap: trap_request=0xffffffde fr.pc=0x000001f26d6bbe38 relative=0x00000000000001b8
Event: 35.544 Thread 0x000001f235162eb0 Uncommon trap: reason=class_check action=maybe_recompile pc=0x000001f26d6bbe38 method=org.jetbrains.kotlin.codegen.coroutines.UnitSourceInterpreter.merge(Lorg/jetbrains/org/objectweb/asm/tree/analysis/Value;Lorg/jetbrains/org/objectweb/asm/tree/analysis/V
Event: 35.544 Thread 0x000001f235162eb0 DEOPT PACKING pc=0x000001f26d6bbe38 sp=0x0000005af4dfba60
Event: 35.544 Thread 0x000001f235162eb0 DEOPT UNPACKING pc=0x000001f26bdc4422 sp=0x0000005af4dfb9f8 mode 2

Classes loaded (20 events):
Event: 12.664 Loading class sun/nio/cs/Surrogate$Parser
Event: 12.664 Loading class sun/nio/cs/Surrogate$Parser done
Event: 12.664 Loading class sun/nio/cs/Surrogate
Event: 12.664 Loading class sun/nio/cs/Surrogate done
Event: 12.675 Loading class sun/nio/cs/US_ASCII$Encoder
Event: 12.675 Loading class sun/nio/cs/US_ASCII$Encoder done
Event: 12.676 Loading class java/nio/file/attribute/FileTime$1
Event: 12.676 Loading class java/nio/file/attribute/FileTime$1 done
Event: 13.253 Loading class java/nio/file/FileTreeWalker$1
Event: 13.253 Loading class java/nio/file/FileTreeWalker$1 done
Event: 14.128 Loading class java/rmi/RemoteException
Event: 14.128 Loading class java/rmi/RemoteException done
Event: 14.273 Loading class java/lang/management/ThreadMXBean
Event: 14.273 Loading class java/lang/management/ThreadMXBean done
Event: 14.273 Loading class com/sun/management/internal/HotSpotThreadImpl
Event: 14.273 Loading class com/sun/management/ThreadMXBean
Event: 14.274 Loading class com/sun/management/ThreadMXBean done
Event: 14.274 Loading class sun/management/ThreadImpl
Event: 14.274 Loading class sun/management/ThreadImpl done
Event: 14.274 Loading class com/sun/management/internal/HotSpotThreadImpl done

Classes unloaded (20 events):
Event: 16.215 Thread 0x000001f27b1d5840 Unloading class 0x000001f202f9c000 'dagger/hilt/processor/internal/KspBaseProcessingStepProcessor'
Event: 16.215 Thread 0x000001f27b1d5840 Unloading class 0x000001f202989ba8 'dagger/spi/internal/shaded/androidx/room3/compiler/processing/ksp/KspBasicAnnotationProcessor'
Event: 16.215 Thread 0x000001f27b1d5840 Unloading class 0x000001f202989978 'dagger/spi/internal/shaded/androidx/room3/compiler/processing/XBasicAnnotationProcessor'
Event: 16.215 Thread 0x000001f27b1d5840 Unloading class 0x000001f202989720 'dagger/internal/codegen/KspComponentProcessor$Provider'
Event: 16.215 Thread 0x000001f27b1d5840 Unloading class 0x000001f2029894d0 'com/squareup/moshi/kotlin/codegen/ksp/JsonClassSymbolProcessorProvider'
Event: 16.215 Thread 0x000001f27b1d5840 Unloading class 0x000001f202989280 'androidx/room/RoomKspProcessor$Provider'
Event: 16.215 Thread 0x000001f27b1d5840 Unloading class 0x000001f202989030 'androidx/hilt/AndroidXHiltKspProcessor$Provider'
Event: 16.215 Thread 0x000001f27b1d5840 Unloading class 0x000001f202988de0 'dagger/hilt/processor/internal/root/KspComponentTreeDepsProcessor$Provider'
Event: 16.215 Thread 0x000001f27b1d5840 Unloading class 0x000001f202988b90 'dagger/hilt/android/processor/internal/customtestapplication/KspCustomTestApplicationProcessor$Provider'
Event: 16.215 Thread 0x000001f27b1d5840 Unloading class 0x000001f202988940 'dagger/hilt/android/processor/internal/androidentrypoint/KspAndroidEntryPointProcessor$Provider'
Event: 16.215 Thread 0x000001f27b1d5840 Unloading class 0x000001f2029886f0 'dagger/hilt/processor/internal/root/KspRootProcessor$Provider'
Event: 16.215 Thread 0x000001f27b1d5840 Unloading class 0x000001f2029884a0 'dagger/hilt/processor/internal/definecomponent/KspDefineComponentProcessor$Provider'
Event: 16.215 Thread 0x000001f27b1d5840 Unloading class 0x000001f202988250 'dagger/hilt/android/processor/internal/bindvalue/KspBindValueProcessor$Provider'
Event: 16.215 Thread 0x000001f27b1d5840 Unloading class 0x000001f202988000 'dagger/hilt/processor/internal/aliasof/KspAliasOfProcessor$Provider'
Event: 16.215 Thread 0x000001f27b1d5840 Unloading class 0x000001f202987b90 'dagger/hilt/processor/internal/earlyentrypoint/KspEarlyEntryPointProcessor$Provider'
Event: 16.215 Thread 0x000001f27b1d5840 Unloading class 0x000001f202987940 'dagger/hilt/processor/internal/originatingelement/KspOriginatingElementProcessor$Provider'
Event: 16.215 Thread 0x000001f27b1d5840 Unloading class 0x000001f2029876f0 'dagger/hilt/android/processor/internal/viewmodel/KspViewModelProcessor$Provider'
Event: 16.215 Thread 0x000001f27b1d5840 Unloading class 0x000001f2029874a0 'dagger/hilt/processor/internal/generatesrootinput/KspGeneratesRootInputProcessor$Provider'
Event: 16.215 Thread 0x000001f27b1d5840 Unloading class 0x000001f202987250 'dagger/hilt/processor/internal/aggregateddeps/KspAggregatedDepsProcessor$Provider'
Event: 16.215 Thread 0x000001f27b1d5840 Unloading class 0x000001f202987000 'dagger/hilt/processor/internal/uninstallmodules/KspUninstallModulesProcessor$Provider'

Classes redefined (0 events):
No events

Internal exceptions (20 events):
Event: 30.170 Thread 0x000001f235162eb0 Implicit null exception at 0x000001f26c7b3cea to 0x000001f26c7b3dc5
Event: 30.189 Thread 0x000001f235162eb0 Implicit null exception at 0x000001f26da30af4 to 0x000001f26da31110
Event: 30.189 Thread 0x000001f235162eb0 Implicit null exception at 0x000001f26cd18e8d to 0x000001f26cd191dc
Event: 30.189 Thread 0x000001f235162eb0 Implicit null exception at 0x000001f26c9eb8b0 to 0x000001f26c9ebba4
Event: 30.192 Thread 0x000001f235162eb0 Implicit null exception at 0x000001f26cb595b3 to 0x000001f26cb59b80
Event: 30.193 Thread 0x000001f235162eb0 Implicit null exception at 0x000001f26cb55f2e to 0x000001f26cb565b8
Event: 30.193 Thread 0x000001f235162eb0 Implicit null exception at 0x000001f26cb57260 to 0x000001f26cb578b8
Event: 30.616 Thread 0x000001f235162eb0 Exception <a 'java/lang/NoSuchMethodError'{0x00000000a34bd988}: 'java.lang.Object java.lang.invoke.DirectMethodHandle$Holder.newInvokeSpecial(java.lang.Object, int, int, java.lang.Object)'> (0x00000000a34bd988) 
thrown [s\src\hotspot\share\interpreter\linkResolver.cpp, line 784]
Event: 30.616 Thread 0x000001f235162eb0 Exception <a 'java/lang/NoSuchMethodError'{0x00000000a34c16e8}: 'java.lang.Object java.lang.invoke.DirectMethodHandle$Holder.invokeSpecial(java.lang.Object, java.lang.Object, int, int, java.lang.Object)'> (0x00000000a34c16e8) 
thrown [s\src\hotspot\share\interpreter\linkResolver.cpp, line 784]
Event: 30.616 Thread 0x000001f235162eb0 Exception <a 'java/lang/NoSuchMethodError'{0x00000000a34c4f88}: 'java.lang.Object java.lang.invoke.Invokers$Holder.linkToTargetMethod(int, int, java.lang.Object, java.lang.Object)'> (0x00000000a34c4f88) 
thrown [s\src\hotspot\share\interpreter\linkResolver.cpp, line 784]
Event: 30.617 Thread 0x000001f235162eb0 Exception <a 'java/lang/NoSuchMethodError'{0x00000000a34d1f18}: 'java.lang.Object java.lang.invoke.DirectMethodHandle$Holder.invokeStatic(java.lang.Object, java.lang.Object, int, int, java.lang.Object)'> (0x00000000a34d1f18) 
thrown [s\src\hotspot\share\interpreter\linkResolver.cpp, line 784]
Event: 30.642 Thread 0x000001f235162eb0 Implicit null exception at 0x000001f26cbe6e20 to 0x000001f26cbe6fe4
Event: 30.642 Thread 0x000001f235162eb0 Implicit null exception at 0x000001f26cfa8c48 to 0x000001f26cfa8d3c
Event: 30.694 Thread 0x000001f235162eb0 Implicit null exception at 0x000001f26cbeb473 to 0x000001f26cbeb56e
Event: 30.845 Thread 0x000001f235162eb0 Implicit null exception at 0x000001f26dd49ed8 to 0x000001f26dd4d4bc
Event: 31.021 Thread 0x000001f27b2148e0 Exception <a 'sun/nio/fs/WindowsException'{0x00000000ff905268}> (0x00000000ff905268) 
thrown [s\src\hotspot\share\prims\jni.cpp, line 537]
Event: 31.047 Thread 0x000001f235162eb0 Implicit null exception at 0x000001f26d2fd15b to 0x000001f26d2fd878
Event: 32.167 Thread 0x000001f235162eb0 Implicit null exception at 0x000001f26d3b4bd0 to 0x000001f26d3b57b4
Event: 32.167 Thread 0x000001f235162eb0 Implicit null exception at 0x000001f26d5cc470 to 0x000001f26d5cc770
Event: 35.543 Thread 0x000001f235162eb0 Implicit null exception at 0x000001f26ddb43fa to 0x000001f26ddb4f08

ZGC Phase Switch (0 events):
No events

VM Operations (20 events):
Event: 33.590 Executing safepoint VM operation: G1PauseCleanup done
Event: 33.758 Executing safepoint VM operation: G1CollectForAllocation (G1 Evacuation Pause)
Event: 33.769 Executing safepoint VM operation: G1CollectForAllocation (G1 Evacuation Pause) done
Event: 33.957 Executing safepoint VM operation: G1CollectForAllocation (G1 Evacuation Pause)
Event: 33.970 Executing safepoint VM operation: G1CollectForAllocation (G1 Evacuation Pause) done
Event: 34.224 Executing safepoint VM operation: G1CollectForAllocation (G1 Evacuation Pause)
Event: 35.236 Executing safepoint VM operation: G1CollectForAllocation (G1 Evacuation Pause) done
Event: 35.301 Executing safepoint VM operation: G1CollectForAllocation (G1 Evacuation Pause)
Event: 35.309 Executing safepoint VM operation: G1CollectForAllocation (G1 Evacuation Pause) done
Event: 35.324 Executing safepoint VM operation: G1PauseRemark
Event: 35.329 Executing safepoint VM operation: G1PauseRemark done
Event: 35.371 Executing safepoint VM operation: G1PauseCleanup
Event: 35.371 Executing safepoint VM operation: G1PauseCleanup done
Event: 35.378 Executing safepoint VM operation: G1CollectForAllocation (G1 Evacuation Pause)
Event: 35.380 Executing safepoint VM operation: G1CollectForAllocation (G1 Evacuation Pause) done
Event: 35.423 Executing safepoint VM operation: G1CollectForAllocation (G1 Evacuation Pause)
Event: 35.426 Executing safepoint VM operation: G1CollectForAllocation (G1 Evacuation Pause) done
Event: 35.464 Executing safepoint VM operation: G1CollectForAllocation (G1 Evacuation Pause)
Event: 35.468 Executing safepoint VM operation: G1CollectForAllocation (G1 Evacuation Pause) done
Event: 35.547 Executing safepoint VM operation: G1CollectForAllocation (G1 Evacuation Pause)

Memory protections (0 events):
No events

Nmethod flushes (20 events):
Event: 35.328 Thread 0x000001f27b1d5840 flushing  nmethod 0x000001f26562fd10
Event: 35.328 Thread 0x000001f27b1d5840 flushing  nmethod 0x000001f2662bdc90
Event: 35.328 Thread 0x000001f27b1d5840 flushing  nmethod 0x000001f2664ebd90
Event: 35.328 Thread 0x000001f27b1d5840 flushing  nmethod 0x000001f2664ece10
Event: 35.328 Thread 0x000001f27b1d5840 flushing  nmethod 0x000001f2664edc90
Event: 35.328 Thread 0x000001f27b1d5840 flushing  nmethod 0x000001f267b74310
Event: 35.328 Thread 0x000001f27b1d5840 flushing  nmethod 0x000001f267ef4890
Event: 35.328 Thread 0x000001f27b1d5840 flushing  nmethod 0x000001f267efe290
Event: 35.328 Thread 0x000001f27b1d5840 flushing  nmethod 0x000001f2668d5390
Event: 35.328 Thread 0x000001f27b1d5840 flushing  nmethod 0x000001f266dd4b10
Event: 35.328 Thread 0x000001f27b1d5840 flushing  nmethod 0x000001f267244410
Event: 35.328 Thread 0x000001f27b1d5840 flushing  nmethod 0x000001f267244e90
Event: 35.328 Thread 0x000001f27b1d5840 flushing  nmethod 0x000001f267250c10
Event: 35.328 Thread 0x000001f27b1d5840 flushing  nmethod 0x000001f267a7f010
Event: 35.328 Thread 0x000001f27b1d5840 flushing  nmethod 0x000001f267e03f10
Event: 35.328 Thread 0x000001f27b1d5840 flushing  nmethod 0x000001f267e19210
Event: 35.328 Thread 0x000001f27b1d5840 flushing  nmethod 0x000001f267e1a110
Event: 35.328 Thread 0x000001f27b1d5840 flushing  nmethod 0x000001f26841ef10
Event: 35.328 Thread 0x000001f27b1d5840 flushing  nmethod 0x000001f268421990
Event: 35.328 Thread 0x000001f27b1d5840 flushing  nmethod 0x000001f268422d90

Events (20 events):
Event: 19.728 Thread 0x000001f2288c9980 Thread exited: 0x000001f2288c9980
Event: 21.676 Thread 0x000001f2288c4430 Thread exited: 0x000001f2288c4430
Event: 24.680 Thread 0x000001f23cede680 Thread exited: 0x000001f23cede680
Event: 24.696 Thread 0x000001f23cedd8e0 Thread exited: 0x000001f23cedd8e0
Event: 25.565 Thread 0x000001f27b218f50 Thread added: 0x000001f220374b20
Event: 25.756 Thread 0x000001f220374b20 Thread added: 0x000001f23cd23330
Event: 26.733 Thread 0x000001f27b215940 Thread added: 0x000001f225ada5a0
Event: 30.034 Thread 0x000001f225ada5a0 Thread exited: 0x000001f225ada5a0
Event: 32.021 Thread 0x000001f23cd23330 Thread exited: 0x000001f23cd23330
Event: 32.043 Thread 0x000001f220374b20 Thread exited: 0x000001f220374b20
Event: 32.044 Thread 0x000001f2244db6f0 Thread exited: 0x000001f2244db6f0
Event: 32.044 Thread 0x000001f23601ce50 Thread exited: 0x000001f23601ce50
Event: 32.045 Thread 0x000001f236018a30 Thread exited: 0x000001f236018a30
Event: 32.229 Thread 0x000001f220372fe0 Thread added: 0x000001f22573a360
Event: 35.251 Thread 0x000001f220372fe0 Thread exited: 0x000001f220372fe0
Event: 35.251 Thread 0x000001f22573a360 Thread exited: 0x000001f22573a360
Event: 35.268 Thread 0x000001f220375f90 Thread exited: 0x000001f220375f90
Event: 35.268 Thread 0x000001f220069580 Thread exited: 0x000001f220069580
Event: 35.336 Thread 0x000001f27b2db9b0 Thread exited: 0x000001f27b2db9b0
Event: 35.417 Thread 0x000001f27b218f50 Thread added: 0x000001f23cf9c100


Dynamic libraries:
0x00007ff7535e0000 - 0x00007ff7535ea000 	C:\AndroidDev\.gradle\jdks\jetbrains_s_r_o_-21-amd64-windows.2\bin\java.exe
0x00007fffaba60000 - 0x00007fffabcc6000 	C:\WINDOWS\SYSTEM32\ntdll.dll
0x00007fffaabc0000 - 0x00007fffaac89000 	C:\WINDOWS\System32\KERNEL32.DLL
0x00007fffa9380000 - 0x00007fffa977f000 	C:\WINDOWS\System32\KERNELBASE.dll
0x00007fffa8c70000 - 0x00007fffa8dbc000 	C:\WINDOWS\System32\ucrtbase.dll
0x00007fff4b910000 - 0x00007fff4b928000 	C:\AndroidDev\.gradle\jdks\jetbrains_s_r_o_-21-amd64-windows.2\bin\jli.dll
0x00007fff4b010000 - 0x00007fff4b02e000 	C:\AndroidDev\.gradle\jdks\jetbrains_s_r_o_-21-amd64-windows.2\bin\VCRUNTIME140.dll
0x00007fffa9870000 - 0x00007fffa9a36000 	C:\WINDOWS\System32\USER32.dll
0x00007fffa8dd0000 - 0x00007fffa8df7000 	C:\WINDOWS\System32\win32u.dll
0x00007fffab140000 - 0x00007fffab16b000 	C:\WINDOWS\System32\GDI32.dll
0x00007fffa9030000 - 0x00007fffa9159000 	C:\WINDOWS\System32\gdi32full.dll
0x00007fff78120000 - 0x00007fff783b1000 	C:\WINDOWS\WinSxS\amd64_microsoft.windows.common-controls_6595b64144ccf1df_6.0.26100.8972_none_3e0da176e32f9d4b\COMCTL32.dll
0x00007fffa8ec0000 - 0x00007fffa8f63000 	C:\WINDOWS\System32\msvcp_win.dll
0x00007fffab730000 - 0x00007fffab7d9000 	C:\WINDOWS\System32\msvcrt.dll
0x00007fffa9b50000 - 0x00007fffa9b82000 	C:\WINDOWS\System32\IMM32.DLL
0x00007fffa5030000 - 0x00007fffa503c000 	C:\AndroidDev\.gradle\jdks\jetbrains_s_r_o_-21-amd64-windows.2\bin\vcruntime140_1.dll
0x00007fff23ce0000 - 0x00007fff23d69000 	C:\AndroidDev\.gradle\jdks\jetbrains_s_r_o_-21-amd64-windows.2\bin\msvcp140.dll
0x00007ffe8e2e0000 - 0x00007ffe8f0ae000 	C:\AndroidDev\.gradle\jdks\jetbrains_s_r_o_-21-amd64-windows.2\bin\server\jvm.dll
0x00007fffaa270000 - 0x00007fffaa32c000 	C:\WINDOWS\System32\ADVAPI32.dll
0x00007fffab200000 - 0x00007fffab2aa000 	C:\WINDOWS\System32\sechost.dll
0x00007fffab900000 - 0x00007fffaba18000 	C:\WINDOWS\System32\RPCRT4.dll
0x00007fffab7e0000 - 0x00007fffab862000 	C:\WINDOWS\System32\WS2_32.dll
0x00007fff9dde0000 - 0x00007fff9ddeb000 	C:\WINDOWS\SYSTEM32\VERSION.dll
0x00007fffa7650000 - 0x00007fffa76ae000 	C:\WINDOWS\SYSTEM32\POWRPROF.dll
0x00007fff9e680000 - 0x00007fff9e6b6000 	C:\WINDOWS\SYSTEM32\WINMM.dll
0x00007fffa7630000 - 0x00007fffa7645000 	C:\WINDOWS\SYSTEM32\UMPDC.dll
0x00007fffa7910000 - 0x00007fffa792b000 	C:\WINDOWS\SYSTEM32\kernel.appcore.dll
0x00007fffa3470000 - 0x00007fffa347a000 	C:\AndroidDev\.gradle\jdks\jetbrains_s_r_o_-21-amd64-windows.2\bin\jimage.dll
0x00007fffa5df0000 - 0x00007fffa6032000 	C:\WINDOWS\SYSTEM32\DBGHELP.DLL
0x00007fffaadb0000 - 0x00007fffab135000 	C:\WINDOWS\System32\combase.dll
0x00007fffa9790000 - 0x00007fffa9869000 	C:\WINDOWS\System32\OLEAUT32.dll
0x00007fff971d0000 - 0x00007fff9720b000 	C:\WINDOWS\SYSTEM32\dbgcore.DLL
0x00007fffa8e00000 - 0x00007fffa8eac000 	C:\WINDOWS\System32\bcryptPrimitives.dll
0x00007fff6b060000 - 0x00007fff6b070000 	C:\AndroidDev\.gradle\jdks\jetbrains_s_r_o_-21-amd64-windows.2\bin\instrument.dll
0x00007fff4afb0000 - 0x00007fff4afd1000 	C:\AndroidDev\.gradle\jdks\jetbrains_s_r_o_-21-amd64-windows.2\bin\java.dll
0x00007fffaa3e0000 - 0x00007fffaab68000 	C:\WINDOWS\System32\SHELL32.dll
0x00007fffa63a0000 - 0x00007fffa6c3b000 	C:\WINDOWS\SYSTEM32\windows.storage.dll
0x00007fffab450000 - 0x00007fffab549000 	C:\WINDOWS\System32\SHCORE.dll
0x00007fffab870000 - 0x00007fffab8d6000 	C:\WINDOWS\System32\shlwapi.dll
0x00007fffa8b90000 - 0x00007fffa8bb9000 	C:\WINDOWS\SYSTEM32\profapi.dll
0x00007fff23c00000 - 0x00007fff23cd7000 	C:\AndroidDev\.gradle\jdks\jetbrains_s_r_o_-21-amd64-windows.2\bin\jsvml.dll
0x00007fff3d7b0000 - 0x00007fff3d7c8000 	C:\AndroidDev\.gradle\jdks\jetbrains_s_r_o_-21-amd64-windows.2\bin\zip.dll
0x00007fff36960000 - 0x00007fff36971000 	C:\AndroidDev\.gradle\jdks\jetbrains_s_r_o_-21-amd64-windows.2\bin\net.dll
0x00007fffa7930000 - 0x00007fffa7a58000 	C:\WINDOWS\SYSTEM32\WINHTTP.dll
0x00007fffa7fd0000 - 0x00007fffa803c000 	C:\WINDOWS\system32\mswsock.dll
0x00007fff36940000 - 0x00007fff36956000 	C:\AndroidDev\.gradle\jdks\jetbrains_s_r_o_-21-amd64-windows.2\bin\nio.dll
0x00007fff69360000 - 0x00007fff69370000 	C:\AndroidDev\.gradle\jdks\jetbrains_s_r_o_-21-amd64-windows.2\bin\verify.dll
0x00007fff33b50000 - 0x00007fff33b77000 	C:\AndroidDev\.gradle\native\660c5614fbf4a5f2a75b1949f50a0caf5cd603558e7d8a26e50b933a0cfb79d1\windows-amd64\native-platform.dll
0x00007fff23b80000 - 0x00007fff23bf7000 	C:\AndroidDev\.gradle\native\0.2.8\x86_64-windows-gnu\gradle-fileevents.dll
0x00007fff652c0000 - 0x00007fff652ca000 	C:\AndroidDev\.gradle\jdks\jetbrains_s_r_o_-21-amd64-windows.2\bin\management.dll
0x00007fff64ff0000 - 0x00007fff64ffc000 	C:\AndroidDev\.gradle\jdks\jetbrains_s_r_o_-21-amd64-windows.2\bin\management_ext.dll
0x00007fffab8f0000 - 0x00007fffab8f8000 	C:\WINDOWS\System32\PSAPI.DLL
0x00007fffa7000000 - 0x00007fffa7033000 	C:\WINDOWS\SYSTEM32\IPHLPAPI.DLL
0x00007fffa9a40000 - 0x00007fffa9a4a000 	C:\WINDOWS\System32\NSI.dll
0x00007fff64f00000 - 0x00007fff64f09000 	C:\AndroidDev\.gradle\jdks\jetbrains_s_r_o_-21-amd64-windows.2\bin\extnet.dll
0x00007fffa83f0000 - 0x00007fffa840b000 	C:\WINDOWS\SYSTEM32\CRYPTSP.dll
0x00007fffa7870000 - 0x00007fffa78a9000 	C:\WINDOWS\system32\rsaenh.dll
0x00007fffa8080000 - 0x00007fffa80b2000 	C:\WINDOWS\SYSTEM32\USERENV.dll
0x00007fffa8b60000 - 0x00007fffa8b8a000 	C:\WINDOWS\SYSTEM32\bcrypt.dll
0x00007fffa8230000 - 0x00007fffa823c000 	C:\WINDOWS\SYSTEM32\CRYPTBASE.dll
0x00007fff61d00000 - 0x00007fff61d0e000 	C:\AndroidDev\.gradle\jdks\jetbrains_s_r_o_-21-amd64-windows.2\bin\sunmscapi.dll
0x00007fffa91f0000 - 0x00007fffa936e000 	C:\WINDOWS\System32\CRYPT32.dll
0x00007fffa8560000 - 0x00007fffa8590000 	C:\WINDOWS\SYSTEM32\ncrypt.dll
0x00007fffa8510000 - 0x00007fffa854f000 	C:\WINDOWS\SYSTEM32\NTASN1.dll
0x00007fff84cd0000 - 0x00007fff84cd8000 	C:\WINDOWS\system32\wshunix.dll
0x00007fff1fb40000 - 0x00007fff1fcde000 	C:\AndroidDev\.gradle\jdks\jetbrains_s_r_o_-21-amd64-windows.2\bin\awt.dll
0x00007fff32670000 - 0x00007fff326b4000 	C:\AndroidDev\.gradle\jdks\jetbrains_s_r_o_-21-amd64-windows.2\bin\nvdaControllerClient64.dll
0x00007fffa5690000 - 0x00007fffa56bf000 	C:\WINDOWS\SYSTEM32\dwmapi.dll
0x00007fff97ef0000 - 0x00007fff97f65000 	C:\WINDOWS\SYSTEM32\OLEACC.dll
0x00007fffa5270000 - 0x00007fffa530f000 	C:\WINDOWS\SYSTEM32\apphelp.dll
0x00007fffa53e0000 - 0x00007fffa5488000 	C:\WINDOWS\system32\uxtheme.dll
0x00007fffaa100000 - 0x00007fffaa25d000 	C:\WINDOWS\System32\MSCTF.dll
0x00007fffab2b0000 - 0x00007fffab449000 	C:\WINDOWS\System32\ole32.dll
0x00007fffa7b70000 - 0x00007fffa7ba6000 	C:\WINDOWS\SYSTEM32\ntmarta.dll

JVMTI agents:
C:\AndroidDev\.gradle\wrapper\dists\gradle-9.6.1-bin\4ticwg1pgcbps2hj28r8so764\gradle-9.6.1\lib\agents\gradle-instrumentation-agent-9.6.1.jar path:C:\AndroidDev\.gradle\jdks\jetbrains_s_r_o_-21-amd64-windows.2\bin\instrument.dll, loaded, initialized, instrumentlib options:none

dbghelp: loaded successfully - version: 4.0.5 - missing functions: none
symbol engine: initialized successfully - sym options: 0x614 - pdb path: .;C:\AndroidDev\.gradle\jdks\jetbrains_s_r_o_-21-amd64-windows.2\bin;C:\WINDOWS\SYSTEM32;C:\WINDOWS\WinSxS\amd64_microsoft.windows.common-controls_6595b64144ccf1df_6.0.26100.8972_none_3e0da176e32f9d4b;C:\AndroidDev\.gradle\jdks\jetbrains_s_r_o_-21-amd64-windows.2\bin\server;C:\AndroidDev\.gradle\native\660c5614fbf4a5f2a75b1949f50a0caf5cd603558e7d8a26e50b933a0cfb79d1\windows-amd64;C:\AndroidDev\.gradle\native\0.2.8\x86_64-windows-gnu;C:\Users\RenéRuizOlmedo\AppData\Local\Temp

VM Arguments:
jvm_args: --add-opens=java.base/java.lang=ALL-UNNAMED --add-opens=java.base/java.lang.invoke=ALL-UNNAMED --add-opens=java.base/java.util=ALL-UNNAMED --add-opens=java.prefs/java.util.prefs=ALL-UNNAMED --add-exports=jdk.compiler/com.sun.tools.javac.api=ALL-UNNAMED --add-exports=jdk.compiler/com.sun.tools.javac.util=ALL-UNNAMED --add-opens=java.base/java.nio.charset=ALL-UNNAMED --add-opens=java.base/java.net=ALL-UNNAMED --add-opens=java.base/java.util.concurrent=ALL-UNNAMED --add-opens=java.base/java.util.concurrent.atomic=ALL-UNNAMED --add-opens=java.xml/javax.xml.namespace=ALL-UNNAMED --add-opens=java.base/java.time=ALL-UNNAMED -XX:MaxMetaspaceSize=512m -Xmx2g -Dfile.encoding=UTF-8 -Duser.country=MX -Duser.language=es -Duser.variant -javaagent:C:\AndroidDev\.gradle\wrapper\dists\gradle-9.6.1-bin\4ticwg1pgcbps2hj28r8so764\gradle-9.6.1\lib\agents\gradle-instrumentation-agent-9.6.1.jar 
java_command: org.gradle.launcher.daemon.bootstrap.GradleDaemon 9.6.1
java_class_path (initial): C:\AndroidDev\.gradle\wrapper\dists\gradle-9.6.1-bin\4ticwg1pgcbps2hj28r8so764\gradle-9.6.1\lib\gradle-daemon-main-9.6.1.jar
Launcher Type: SUN_STANDARD

[Global flags]
     intx CICompilerCount                          = 15                                        {product} {ergonomic}
   size_t CompressedClassSpaceSize                 = 436207616                                 {product} {ergonomic}
     uint ConcGCThreads                            = 6                                         {product} {ergonomic}
     uint G1ConcRefinementThreads                  = 23                                        {product} {ergonomic}
   size_t G1HeapRegionSize                         = 1048576                                   {product} {ergonomic}
    uintx GCDrainStackTargetSize                   = 64                                        {product} {ergonomic}
   size_t InitialHeapSize                          = 530579456                                 {product} {ergonomic}
   size_t MarkStackSize                            = 4194304                                   {product} {ergonomic}
   size_t MaxHeapSize                              = 2147483648                                {product} {command line}
   size_t MaxMetaspaceSize                         = 536870912                                 {product} {command line}
   size_t MaxNewSize                               = 1287651328                                {product} {ergonomic}
   size_t MinHeapDeltaBytes                        = 1048576                                   {product} {ergonomic}
   size_t MinHeapSize                              = 8388608                                   {product} {ergonomic}
    uintx NonNMethodCodeHeapSize                   = 8192380                                {pd product} {ergonomic}
    uintx NonProfiledCodeHeapSize                  = 121732930                              {pd product} {ergonomic}
    uintx ProfiledCodeHeapSize                     = 121732930                              {pd product} {ergonomic}
    uintx ReservedCodeCacheSize                    = 251658240                              {pd product} {ergonomic}
     bool SegmentedCodeCache                       = true                                      {product} {ergonomic}
   size_t SoftMaxHeapSize                          = 2147483648                             {manageable} {ergonomic}
     bool UseCompressedOops                        = true                           {product lp64_product} {ergonomic}
     bool UseG1GC                                  = true                                      {product} {ergonomic}
     bool UseLargePagesIndividualAllocation        = false                                  {pd product} {ergonomic}

Logging:
Log output configuration:
 #0: stdout all=warning uptime,level,tags foldmultilines=false
 #1: stderr all=off uptime,level,tags foldmultilines=false

Release file:
JAVA_VERSION="21.0.11" 
MODULES="java.base java.datatransfer java.xml java.prefs java.desktop gluegen.rt java.compiler java.instrument java.logging java.management java.security.sasl java.naming java.rmi java.management.rmi java.net.http java.scripting java.security.jgss java.transaction.xa java.sql java.sql.rowset java.xml.crypto java.se java.smartcardio jogl.all jcef jdk.accessibility jdk.internal.jvmstat jdk.attach jdk.charsets jdk.internal.opt jdk.zipfs jdk.compiler jdk.crypto.ec jdk.crypto.cryptoki jdk.crypto.mscapi jdk.dynalink jdk.internal.ed jdk.editpad jdk.hotspot.agent jdk.httpserver jdk.incubator.vector jdk.internal.le jdk.internal.vm.ci jdk.internal.vm.compiler jdk.internal.vm.compiler.management jdk.jartool jdk.javadoc jdk.jcmd jdk.management jdk.management.agent jdk.jconsole jdk.jdeps jdk.jdwp.agent jdk.jdi jdk.jfr jdk.jlink jdk.jpackage jdk.jshell jdk.jsobject jdk.jstatd jdk.localedata jdk.management.jfr jdk.naming.dns jdk.naming.rmi jdk.net jdk.nio.mapmode jdk.random jdk.sctp jdk.security.auth jdk.security.jgss jdk.unsupported jdk.unsupported.desktop jdk.xml.dom" 
IMPLEMENTOR="JetBrains s.r.o." 
IMPLEMENTOR_VERSION="JBRSDK-21.0.11+1-1163.116-jcef" 
JAVA_RUNTIME_VERSION="21.0.11+1-b1163.116" 
LIBC="default" 
OS_ARCH="x86_64" 
OS_NAME="Windows" 
SOURCE=".:git:cf1f197170a0+ jcef_git:git:4a605f44671a" 
JCEF_VERSION="137.0.17.1107+ge397b56" 
JCEF_COMMIT_HASH="e397b569415d3c67b114495985454e5201955573" 

Environment Variables:
JAVA_HOME=C:\Program Files\Microsoft\jdk-21.0.12.8-hotspot\
PATH=C:\Program Files\WindowsApps\Microsoft.PowerShell_7.6.5.0_x64__8wekyb3d8bbwe;C:/Users/RenéRuizOlmedo/.gemini/antigravity-ide/bin;C:\Program Files\Microsoft\jdk-21.0.12.8-hotspot\bin;C:\Python314\Scripts\;C:\Python314\;C:\WINDOWS\system32;C:\WINDOWS;C:\WINDOWS\System32\Wbem;C:\WINDOWS\System32\WindowsPowerShell\v1.0\;C:\WINDOWS\System32\OpenSSH\;C:\Program Files\Git\cmd;C:\Program Files\NVIDIA Corporation\NVIDIA App\NvDLISR;C:\Program Files\nodejs\;C:\ProgramData\chocolatey\bin;C:\Program Files\Microsoft\jdk-21.0.12.8-hotspot\\bin;C:\Program Files\PuTTY\;C:\Users\RenéRuizOlmedo\.local\bin;C:\Users\RenéRuizOlmedo\AppData\Local\Microsoft\WindowsApps;C:\Users\RenéRuizOlmedo\AppData\Local\Programs\Microsoft VS Code\bin;C:\Users\RenéRuizOlmedo\AppData\Local\Programs\Ollama;C:\Users\RenéRuizOlmedo\AppData\Local\Python\bin;C:\Users\RenéRuizOlmedo\AppData\AndroidCLI;C:\Users\RenéRuizOlmedo\AppData\Local\Android\Sdk\platform-tools;C:\Users\RenéRuizOlmedo\AppData\Local\Programs\Antigravity IDE\bin;C:\Users\RenéRuizOlmedo\AppData\Roaming\npm;C:\Program Files\nodejs\;C:\Users\RenéRuizOlmedo\AppData\Roaming\npm;
USERNAME=RenéRuizOlmedo
OS=Windows_NT
PROCESSOR_IDENTIFIER=Intel64 Family 6 Model 183 Stepping 1, GenuineIntel
TMP=C:\Users\RENRUI~1\AppData\Local\Temp
TEMP=C:\Users\RENRUI~1\AppData\Local\Temp




Periodic native trim disabled

JNI global refs:
JNI global refs: 66, weak refs: 0

JNI global refs memory usage: 1467, weak refs: 833

Process memory usage:
Resident Set Size: 1496900K (4% of 33095976K total physical memory with 10146804K free physical memory)

OOME stack traces (most recent first):
Classloader memory used:
Loader java.net.URLClassLoader                                                         : 151M
Loader org.gradle.internal.classloader.VisitableURLClassLoader                         : 41478K
Loader bootstrap                                                                       : 14146K
Loader org.gradle.internal.classloader.VisitableURLClassLoader$InstrumentingVisitableURLClassLoader: 10516K
Loader org.gradle.initialization.MixInLegacyTypesClassLoader                           : 9512K
Loader jdk.internal.reflect.DelegatingClassLoader                                      : 1231K
Loader jdk.internal.jrtfs.JrtFileSystemProvider$JrtFsLoader                            : 659K
Loader jdk.internal.loader.ClassLoaders$PlatformClassLoader                            : 419K
Loader jdk.internal.loader.ClassLoaders$AppClassLoader                                 : 194K

Classes loaded by more than one classloader:
Class kotlin.sequences.DropTakeSequence                                               : loaded 3 times (x 70B)
Class kotlin.ranges.IntProgression                                                    : loaded 3 times (x 81B)
Class kotlin.io.FileWalkDirection                                                     : loaded 3 times (x 79B)
Class kotlin.sequences.FlatteningSequence                                             : loaded 3 times (x 75B)
Class kotlin.coroutines.jvm.internal.CompletedContinuation                            : loaded 3 times (x 75B)
Class jdk.internal.jimage.decompressor.ResourceDecompressor$StringsProvider           : loaded 3 times (x 70B)
Class kotlin.io.TextStreamsKt                                                         : loaded 3 times (x 71B)
Class kotlin.text.StringsKt__StringsKt                                                : loaded 3 times (x 71B)
Class kotlin.NotImplementedError                                                      : loaded 3 times (x 82B)
Class kotlin.coroutines.CoroutineContext                                              : loaded 3 times (x 70B)
Class jdk.internal.jimage.BasicImageReader                                            : loaded 3 times (x 95B)
Class kotlin.coroutines.jvm.internal.DebugProbesKt                                    : loaded 3 times (x 71B)
Class kotlin.ranges.IntProgressionIterator                                            : loaded 3 times (x 82B)
Class kotlin.collections.CollectionsKt                                                : loaded 3 times (x 71B)
Class kotlin.reflect.KMutableProperty2                                                : loaded 3 times (x 70B)
Class kotlin.sequences.FilteringSequence$iterator$1                                   : loaded 3 times (x 79B)
Class kotlin.sequences.SequencesKt__SequenceBuilderKt                                 : loaded 3 times (x 71B)
Class kotlin.io.FilesKt__FileTreeWalkKt                                               : loaded 3 times (x 71B)
Class kotlin.io.NoSuchFileException                                                   : loaded 3 times (x 82B)
Class kotlin.jvm.internal.CollectionToArray                                           : loaded 3 times (x 71B)
Class kotlin.reflect.KMutableProperty1                                                : loaded 3 times (x 70B)
Class kotlin.collections.CollectionsKt__ReversedViewsKt                               : loaded 3 times (x 71B)
Class kotlin.coroutines.jvm.internal.CoroutineStackFrame                              : loaded 3 times (x 70B)
Class kotlin.SafePublicationLazyImpl$Companion                                        : loaded 3 times (x 71B)
Class kotlin.jvm.internal.PropertyReference1Impl                                      : loaded 3 times (x 127B)
Class kotlin.jvm.internal.MutablePropertyReference1                                   : loaded 3 times (x 137B)
Class kotlin.coroutines.intrinsics.IntrinsicsKt__IntrinsicsJvmKt                      : loaded 3 times (x 71B)
Class kotlin.jvm.internal.Ref$BooleanRef                                              : loaded 3 times (x 71B)
Class kotlin.jvm.internal.StringCompanionObject                                       : loaded 3 times (x 71B)
Class kotlin.reflect.KClassifier                                                      : loaded 3 times (x 70B)
Class kotlin.ranges.IntProgression$Companion                                          : loaded 3 times (x 71B)
Class kotlin.reflect.KMutableProperty0                                                : loaded 3 times (x 70B)
Class kotlin.coroutines.jvm.internal.SuspendFunction                                  : loaded 3 times (x 70B)
Class kotlin.io.FileTreeWalk                                                          : loaded 3 times (x 75B)
Class kotlin.collections.builders.MapBuilder                                          : loaded 3 times (x 112B)
Class jdk.internal.jimage.decompressor.StringSharingDecompressorFactory               : loaded 3 times (x 74B)
Class [Lkotlin.io.FileWalkDirection;                                                  : loaded 3 times (x 69B)
Class kotlin.jvm.internal.markers.KMappedMarker                                       : loaded 3 times (x 70B)
Class kotlin.sequences.TransformingSequence                                           : loaded 3 times (x 75B)
Class [Lkotlin.reflect.KProperty;                                                     : loaded 3 times (x 69B)
Class kotlin.sequences.ConstrainedOnceSequence                                        : loaded 3 times (x 75B)
Class kotlin.NoWhenBranchMatchedException                                             : loaded 3 times (x 82B)
Class kotlin.Lazy                                                                     : loaded 3 times (x 70B)
Class kotlin.jvm.functions.Function19                                                 : loaded 3 times (x 70B)
Class kotlin.reflect.KMutableProperty$Setter                                          : loaded 3 times (x 70B)
Class kotlin.jvm.internal.CallableReference$NoReceiver                                : loaded 3 times (x 71B)
Class kotlin.text.StringsKt__StringBuilderKt                                          : loaded 3 times (x 71B)
Class [Lkotlin.reflect.KClass;                                                        : loaded 3 times (x 69B)
Class kotlin.jvm.functions.Function18                                                 : loaded 3 times (x 70B)
Class kotlin.collections.ArraysKt__ArraysJVMKt                                        : loaded 3 times (x 71B)
Class kotlin.jvm.functions.Function17                                                 : loaded 3 times (x 70B)
Class kotlin.InitializedLazyImpl                                                      : loaded 3 times (x 76B)
Class kotlin.sequences.SequencesKt___SequencesKt$flatMap$1                            : loaded 3 times (x 125B)
Class kotlin.LazyKt                                                                   : loaded 3 times (x 71B)
Class kotlin.sequences.SequencesKt___SequencesKt                                      : loaded 3 times (x 71B)
Class kotlin.KotlinVersion$Companion                                                  : loaded 3 times (x 71B)
Class kotlin.collections.AbstractList$Companion                                       : loaded 3 times (x 71B)
Class kotlin.collections.SetsKt__SetsKt                                               : loaded 3 times (x 71B)
Class kotlin.io.FileTreeWalk$FileTreeWalkIterator                                     : loaded 3 times (x 83B)
Class kotlin.sequences.SequencesKt___SequencesKt$flatMap$2                            : loaded 3 times (x 125B)
Class kotlin.jvm.functions.Function16                                                 : loaded 3 times (x 70B)
Class kotlin.coroutines.ContinuationInterceptor                                       : loaded 3 times (x 70B)
Class kotlin.text.StringsKt__AppendableKt                                             : loaded 3 times (x 71B)
Class kotlin.coroutines.EmptyCoroutineContext                                         : loaded 3 times (x 77B)
Class kotlin.collections.ArraysKt                                                     : loaded 3 times (x 71B)
Class kotlin.jvm.functions.Function15                                                 : loaded 3 times (x 70B)
Class kotlin.jvm.internal.AdaptedFunctionReference                                    : loaded 3 times (x 77B)
Class kotlin.reflect.KProperty$Accessor                                               : loaded 3 times (x 70B)
Class [Lkotlin.reflect.KCallable;                                                     : loaded 3 times (x 69B)
Class kotlin.jvm.internal.ArrayIteratorKt                                             : loaded 3 times (x 71B)
Class kotlin.text.CharsKt__CharKt                                                     : loaded 3 times (x 71B)
Class kotlin.collections.ArrayDeque$Companion                                         : loaded 3 times (x 71B)
Class kotlin.sequences.SequenceScope                                                  : loaded 3 times (x 73B)
Class kotlin.ranges.RangesKt___RangesKt                                               : loaded 3 times (x 71B)
Class kotlin.jvm.functions.Function14                                                 : loaded 3 times (x 70B)
Class kotlin.sequences.Sequence                                                       : loaded 3 times (x 70B)
Class kotlin.KotlinNullPointerException                                               : loaded 3 times (x 83B)
Class kotlin.collections.builders.MapBuilder$EntryRef                                 : loaded 3 times (x 81B)
Class kotlin.text.StringsKt__StringNumberConversionsJVMKt                             : loaded 3 times (x 71B)
Class kotlin.jvm.functions.Function13                                                 : loaded 3 times (x 70B)
Class kotlin.text.Charsets                                                            : loaded 3 times (x 71B)
Class kotlin.ranges.OpenEndRange                                                      : loaded 3 times (x 70B)
Class kotlin.collections.CollectionsKt___CollectionsKt$asSequence$$inlined$Sequence$1 : loaded 3 times (x 75B)
Class kotlin.sequences.SequenceBuilderIterator                                        : loaded 3 times (x 85B)
Class jdk.internal.jimage.decompressor.CompressedResourceHeader                       : loaded 3 times (x 71B)
Class kotlin.collections.CollectionsKt__IterablesKt                                   : loaded 3 times (x 71B)
Class kotlin.jvm.functions.Function20                                                 : loaded 3 times (x 70B)
Class kotlin.collections.MapsKt                                                       : loaded 3 times (x 71B)
Class kotlin.jvm.functions.Function12                                                 : loaded 3 times (x 70B)
Class kotlin.coroutines.intrinsics.CoroutineSingletons                                : loaded 3 times (x 79B)
Class jdk.internal.jrtfs.JrtFileSystem                                                : loaded 3 times (x 102B)
Class kotlin.jvm.functions.Function21                                                 : loaded 3 times (x 70B)
Class kotlin.jvm.internal.Intrinsics                                                  : loaded 3 times (x 71B)
Class kotlin.annotation.AnnotationRetention                                           : loaded 3 times (x 79B)
Class kotlin.collections.MapWithDefault                                               : loaded 3 times (x 70B)
Class kotlin.reflect.KAnnotatedElement                                                : loaded 3 times (x 70B)
Class kotlin.coroutines.jvm.internal.SuspendLambda                                    : loaded 3 times (x 91B)
Class kotlin.coroutines.jvm.internal.ContinuationImpl                                 : loaded 3 times (x 87B)
Class kotlin.jvm.functions.Function22                                                 : loaded 3 times (x 70B)
Class kotlin.collections.builders.MapBuilderEntries                                   : loaded 3 times (x 145B)
Class kotlin.collections.EmptyMap                                                     : loaded 3 times (x 108B)
Class kotlin.jvm.internal.markers.KMutableCollection                                  : loaded 3 times (x 70B)
Class kotlin.jvm.functions.Function11                                                 : loaded 3 times (x 70B)
Class kotlin.ranges.IntRange$Companion                                                : loaded 3 times (x 71B)
Class kotlin.reflect.KTypeParameter                                                   : loaded 3 times (x 70B)
Class kotlin.collections.ArraysKt___ArraysJvmKt                                       : loaded 3 times (x 71B)
Class kotlin.collections.CollectionsKt__CollectionsKt                                 : loaded 3 times (x 71B)
Class kotlin.text.StringsKt__RegexExtensionsJVMKt                                     : loaded 3 times (x 71B)
Class kotlin.coroutines.intrinsics.IntrinsicsKt                                       : loaded 3 times (x 71B)
Class [Lkotlin.reflect.KClassifier;                                                   : loaded 3 times (x 69B)
Class kotlin.text.Regex$Companion                                                     : loaded 3 times (x 71B)
Class kotlin._Assertions                                                              : loaded 3 times (x 71B)
Class [Lkotlin.LazyThreadSafetyMode;                                                  : loaded 3 times (x 69B)
Class kotlin.jvm.functions.Function9                                                  : loaded 3 times (x 70B)
Class kotlin.jvm.functions.Function10                                                 : loaded 3 times (x 70B)
Class [Lkotlin.annotation.AnnotationTarget;                                           : loaded 3 times (x 69B)
Class [Lkotlin.coroutines.intrinsics.CoroutineSingletons;                             : loaded 3 times (x 69B)
Class kotlin.annotation.MustBeDocumented                                              : loaded 3 times (x 70B)
Class kotlin.jvm.internal.FunctionReference                                           : loaded 3 times (x 122B)
Class kotlin.jvm.internal.FunctionBase                                                : loaded 3 times (x 70B)
Class kotlin.enums.EnumEntriesList                                                    : loaded 3 times (x 223B)
Class kotlin.enums.EnumEntriesKt                                                      : loaded 3 times (x 71B)
Class kotlin.text.StringsKt___StringsKt                                               : loaded 3 times (x 71B)
Class kotlin.collections.CollectionsKt__MutableCollectionsJVMKt                       : loaded 3 times (x 71B)
Class kotlin.collections.builders.MapBuilder$Companion                                : loaded 3 times (x 71B)
Class kotlin.comparisons.ComparisonsKt___ComparisonsJvmKt                             : loaded 3 times (x 71B)
Class kotlin.jvm.functions.Function8                                                  : loaded 3 times (x 70B)
Class kotlin.collections.builders.ListBuilder$Companion                               : loaded 3 times (x 71B)
Class kotlin.collections.builders.ListBuilder                                         : loaded 3 times (x 207B)
Class [Lkotlin.annotation.AnnotationRetention;                                        : loaded 3 times (x 69B)
Class kotlin.collections.builders.AbstractMapBuilderEntrySet                          : loaded 3 times (x 144B)
Class kotlin.collections.CollectionsKt__IteratorsJVMKt                                : loaded 3 times (x 71B)
Class kotlin.collections.MapsKt__MapWithDefaultKt                                     : loaded 3 times (x 71B)
Class kotlin.jvm.functions.Function7                                                  : loaded 3 times (x 70B)
Class kotlin.collections.ArraysKt___ArraysKt                                          : loaded 3 times (x 71B)
Class kotlin.collections.MapsKt___MapsKt                                              : loaded 3 times (x 71B)
Class kotlin.jvm.functions.Function6                                                  : loaded 3 times (x 70B)
Class kotlin.Result                                                                   : loaded 3 times (x 72B)
Class kotlin.reflect.KProperty0                                                       : loaded 3 times (x 70B)
Class kotlin.io.FilesKt                                                               : loaded 3 times (x 71B)
Class kotlin.reflect.KDeclarationContainer                                            : loaded 3 times (x 70B)
Class kotlin.text.StringsKt___StringsJvmKt                                            : loaded 3 times (x 71B)
Class kotlin.jvm.functions.Function5                                                  : loaded 3 times (x 70B)
Class jdk.internal.jrtfs.JrtFileSystemProvider                                        : loaded 3 times (x 101B)
Class kotlin.sequences.TransformingSequence$iterator$1                                : loaded 3 times (x 79B)
Class kotlin.Pair                                                                     : loaded 3 times (x 72B)
Class kotlin.reflect.KProperty1                                                       : loaded 3 times (x 70B)
Class kotlin.reflect.KClass                                                           : loaded 3 times (x 70B)
Class kotlin.annotation.Retention                                                     : loaded 3 times (x 70B)
Class jdk.internal.jimage.ImageStrings                                                : loaded 3 times (x 70B)
Class kotlin.sequences.GeneratorSequence$iterator$1                                   : loaded 3 times (x 79B)
Class kotlin.collections.CollectionsKt___CollectionsKt                                : loaded 3 times (x 71B)
Class kotlin.io.CloseableKt                                                           : loaded 3 times (x 71B)
Class kotlin.reflect.KProperty2                                                       : loaded 3 times (x 70B)
Class kotlin.collections.CollectionsKt__MutableCollectionsKt                          : loaded 3 times (x 71B)
Class kotlin.collections.EmptySet                                                     : loaded 3 times (x 122B)
Class kotlin.annotation.Target                                                        : loaded 3 times (x 70B)
Class kotlin.coroutines.CoroutineContext$Element                                      : loaded 3 times (x 70B)
Class kotlin.io.TerminateException                                                    : loaded 3 times (x 82B)
Class kotlin.io.FilesKt__FilePathComponentsKt                                         : loaded 3 times (x 71B)
Class kotlin.jvm.functions.Function4                                                  : loaded 3 times (x 70B)
Class kotlin.reflect.KCallable                                                        : loaded 3 times (x 70B)
Class kotlin.collections.MapsKt___MapsJvmKt                                           : loaded 3 times (x 71B)
Class kotlin.collections.AbstractIterator                                             : loaded 3 times (x 83B)
Class kotlin.text.CharsKt                                                             : loaded 3 times (x 71B)
Class kotlin.jvm.functions.Function3                                                  : loaded 3 times (x 70B)
Class kotlin.io.FileTreeWalk$WalkState                                                : loaded 3 times (x 73B)
Class jdk.internal.jimage.ImageLocation                                               : loaded 3 times (x 90B)
Class kotlin.jvm.internal.markers.KMutableIterator                                    : loaded 3 times (x 70B)
Class kotlin.jvm.functions.Function2                                                  : loaded 3 times (x 70B)
Class kotlin.KotlinNothingValueException                                              : loaded 3 times (x 82B)
Class kotlin.coroutines.ContinuationInterceptor$Key                                   : loaded 3 times (x 71B)
Class kotlin.jvm.functions.Function1                                                  : loaded 3 times (x 70B)
Class kotlin.collections.AbstractMutableList                                          : loaded 3 times (x 206B)
Class kotlin.properties.ReadWriteProperty                                             : loaded 3 times (x 70B)
Class jdk.internal.jimage.decompressor.ZipDecompressor                                : loaded 3 times (x 75B)
Class kotlin.collections.builders.MapBuilder$EntriesItr                               : loaded 3 times (x 81B)
Class kotlin.jvm.functions.Function0                                                  : loaded 3 times (x 70B)
Class jdk.internal.jimage.ImageBufferCache$1                                          : loaded 3 times (x 83B)
Class kotlin.DeprecationLevel                                                         : loaded 3 times (x 79B)
Class kotlin.collections.ArraysUtilJVM                                                : loaded 3 times (x 71B)
Class kotlin.sequences.FlatteningSequence$iterator$1                                  : loaded 3 times (x 79B)
Class kotlin.sequences.GeneratorSequence                                              : loaded 3 times (x 75B)
Class kotlin.collections.ArraysKt___ArraysKt$asSequence$$inlined$Sequence$1           : loaded 3 times (x 75B)
Class [Lkotlin.DeprecationLevel;                                                      : loaded 3 times (x 69B)
Class kotlin.ranges.RangesKt                                                          : loaded 3 times (x 71B)
Class kotlin.collections.MapsKt__MapsJVMKt                                            : loaded 3 times (x 71B)
Class kotlin.collections.EmptyList                                                    : loaded 3 times (x 174B)
Class jdk.internal.jimage.ImageBufferCache$2                                          : loaded 3 times (x 91B)
Class kotlin.jvm.internal.markers.KMutableIterable                                    : loaded 3 times (x 70B)
Class kotlin.TuplesKt                                                                 : loaded 3 times (x 71B)
Class kotlin.collections.builders.ListBuilderKt                                       : loaded 3 times (x 71B)
Class kotlin.Unit                                                                     : loaded 3 times (x 71B)
Class kotlin.sequences.SequencesKt___SequencesJvmKt                                   : loaded 3 times (x 71B)
Class kotlin.jvm.internal.FunctionReferenceImpl                                       : loaded 3 times (x 122B)
Class kotlin.ResultKt                                                                 : loaded 3 times (x 71B)
Class kotlin.collections.CollectionsKt___CollectionsJvmKt                             : loaded 3 times (x 71B)
Class kotlin.collections.IndexingIterable                                             : loaded 3 times (x 79B)
Class kotlin.collections.ReversedListReadOnly                                         : loaded 3 times (x 198B)
Class kotlin.Result$Failure                                                           : loaded 3 times (x 72B)
Class kotlin.collections.ArraysKt__ArraysKt                                           : loaded 3 times (x 71B)
Class kotlin.reflect.KType                                                            : loaded 3 times (x 70B)
Class kotlin.text.CharsKt__CharJVMKt                                                  : loaded 3 times (x 71B)
Class kotlin.Result$Companion                                                         : loaded 3 times (x 71B)
Class kotlin.sequences.FilteringSequence                                              : loaded 3 times (x 75B)
Class kotlin.coroutines.jvm.internal.BaseContinuationImpl                             : loaded 3 times (x 87B)
Class kotlin.comparisons.ComparisonsKt___ComparisonsKt                                : loaded 3 times (x 71B)
Class kotlin.collections.SetsKt__SetsJVMKt                                            : loaded 3 times (x 71B)
Class kotlin.comparisons.ComparisonsKt                                                : loaded 3 times (x 71B)
Class kotlin.Function                                                                 : loaded 3 times (x 70B)
Class jdk.internal.jimage.decompressor.ZipDecompressorFactory                         : loaded 3 times (x 74B)
Class kotlin.ranges.RangesKt__RangesKt                                                : loaded 3 times (x 71B)
Class kotlin.internal.ProgressionUtilKt                                               : loaded 3 times (x 71B)
Class kotlin.io.FileAlreadyExistsException                                            : loaded 3 times (x 82B)
Class kotlin.KotlinVersion                                                            : loaded 3 times (x 74B)
Class kotlin.reflect.KMutableProperty                                                 : loaded 3 times (x 70B)
Class kotlin.jvm.internal.ClassBasedDeclarationContainer                              : loaded 3 times (x 70B)
Class kotlin.collections.SetsKt___SetsKt                                              : loaded 3 times (x 71B)
Class jdk.internal.jimage.ImageHeader                                                 : loaded 3 times (x 71B)
Class kotlin.sequences.SequencesKt__SequencesKt                                       : loaded 3 times (x 71B)
Class kotlin.coroutines.Continuation                                                  : loaded 3 times (x 70B)
Class kotlin.jvm.internal.PropertyReference                                           : loaded 3 times (x 115B)
Class kotlin.collections.ReversedListReadOnly$listIterator$1                          : loaded 3 times (x 90B)
Class kotlin.collections.IndexingIterator                                             : loaded 3 times (x 79B)
Class kotlin.comparisons.ComparisonsKt__ComparisonsKt                                 : loaded 3 times (x 71B)
Class kotlin.UNINITIALIZED_VALUE                                                      : loaded 3 times (x 71B)
Class kotlin.jvm.internal.ReflectionFactory                                           : loaded 3 times (x 91B)
Class kotlin.jvm.internal.Ref$ObjectRef                                               : loaded 3 times (x 72B)
Class [Lkotlin.reflect.KAnnotatedElement;                                             : loaded 3 times (x 69B)
Class kotlin.LazyKt__LazyKt                                                           : loaded 3 times (x 71B)
Class kotlin.text.StringsKt__StringBuilderJVMKt                                       : loaded 3 times (x 71B)
Class kotlin.annotation.AnnotationTarget                                              : loaded 3 times (x 79B)
Class kotlin.ranges.ClosedRange                                                       : loaded 3 times (x 70B)
Class kotlin.reflect.KProperty                                                        : loaded 3 times (x 70B)
Class kotlin.jvm.internal.Reflection                                                  : loaded 3 times (x 71B)
Class kotlin.jvm.JvmClassMappingKt                                                    : loaded 3 times (x 71B)
Class kotlin.text.Regex                                                               : loaded 3 times (x 72B)
Class kotlin.Triple                                                                   : loaded 3 times (x 72B)
Class kotlin.sequences.SequencesKt__SequenceBuilderKt$sequence$$inlined$Sequence$1    : loaded 3 times (x 75B)
Class kotlin.collections.AbstractCollection                                           : loaded 3 times (x 117B)
Class jdk.internal.jimage.decompressor.ResourceDecompressor                           : loaded 3 times (x 70B)
Class kotlin.collections.IntIterator                                                  : loaded 3 times (x 82B)
Class kotlin.jvm.internal.TypeIntrinsics                                              : loaded 3 times (x 71B)
Class kotlin.collections.AbstractList                                                 : loaded 3 times (x 197B)
Class kotlin.sequences.SequencesKt__SequencesJVMKt                                    : loaded 3 times (x 71B)
Class kotlin.io.FilePathComponents                                                    : loaded 3 times (x 72B)
Class kotlin.coroutines.jvm.internal.RestrictedSuspendLambda                          : loaded 3 times (x 91B)
Class kotlin.text.StringsKt__StringsJVMKt                                             : loaded 3 times (x 71B)
Class jdk.internal.jimage.ImageReader$Directory                                       : loaded 3 times (x 84B)
Class kotlin.collections.SetsKt                                                       : loaded 3 times (x 71B)
Class kotlin.SynchronizedLazyImpl                                                     : loaded 3 times (x 76B)
Class kotlin.text.StringsKt__IndentKt                                                 : loaded 3 times (x 71B)
Class kotlin.text.StringsKt__RegexExtensionsKt                                        : loaded 3 times (x 71B)
Class kotlin.collections.EmptyIterator                                                : loaded 3 times (x 89B)
Class kotlinx.coroutines.internal.Symbol                                              : loaded 3 times (x 72B)
Class kotlin.collections.ArrayDeque                                                   : loaded 3 times (x 207B)
Class kotlin.jvm.internal.SpreadBuilder                                               : loaded 3 times (x 76B)
Class jdk.internal.jimage.decompressor.ResourceDecompressorRepository                 : loaded 3 times (x 71B)
Class kotlin.reflect.KFunction                                                        : loaded 3 times (x 70B)
Class kotlin.jvm.internal.ArrayIterator                                               : loaded 3 times (x 79B)
Class kotlin.LazyThreadSafetyMode                                                     : loaded 3 times (x 79B)
Class kotlin.jvm.internal.MutablePropertyReference                                    : loaded 3 times (x 119B)
Class kotlin.LazyKt__LazyJVMKt$WhenMappings                                           : loaded 3 times (x 71B)
Class kotlin.UnsafeLazyImpl                                                           : loaded 3 times (x 76B)
Class kotlin.jvm.internal.Lambda                                                      : loaded 3 times (x 75B)
Class [Lkotlin.reflect.KDeclarationContainer;                                         : loaded 3 times (x 69B)
Class kotlin.collections.MapsKt__MapsKt                                               : loaded 3 times (x 71B)
Class kotlin.jvm.internal.PropertyReference1                                          : loaded 3 times (x 127B)
Class kotlin.jvm.internal.DefaultConstructorMarker                                    : loaded 3 times (x 71B)
Class jdk.internal.jimage.ImageStringsReader                                          : loaded 3 times (x 80B)
Class kotlin.jvm.internal.markers.KMutableMap$Entry                                   : loaded 3 times (x 70B)
Class kotlin.io.FileSystemException                                                   : loaded 3 times (x 82B)
Class kotlin.properties.Delegates                                                     : loaded 3 times (x 71B)
Class kotlin.sequences.EmptySequence                                                  : loaded 3 times (x 78B)
Class kotlin.Metadata                                                                 : loaded 3 times (x 70B)
Class kotlin.collections.AbstractMutableSet                                           : loaded 3 times (x 142B)
Class kotlin.UninitializedPropertyAccessException                                     : loaded 3 times (x 82B)
Class jdk.internal.jrtfs.JrtPath                                                      : loaded 3 times (x 118B)
Class jdk.internal.jimage.ImageBufferCache                                            : loaded 3 times (x 71B)
Class kotlin.enums.EnumEntries                                                        : loaded 3 times (x 70B)
Class jdk.internal.jimage.ImageReader                                                 : loaded 3 times (x 75B)
Class kotlin.reflect.KProperty$Getter                                                 : loaded 3 times (x 70B)
Class kotlin.jvm.internal.markers.KMutableMap                                         : loaded 3 times (x 70B)
Class kotlin.properties.ReadOnlyProperty                                              : loaded 3 times (x 70B)
Class jdk.internal.jimage.ImageReader$SharedImageReader                               : loaded 3 times (x 95B)
Class kotlin.ranges.IntRange                                                          : loaded 3 times (x 93B)
Class kotlin.SafePublicationLazyImpl                                                  : loaded 3 times (x 76B)
Class kotlin.jvm.internal.CallableReference                                           : loaded 3 times (x 106B)
Class kotlin.collections.AbstractList$IteratorImpl                                    : loaded 3 times (x 82B)
Class [Lkotlin.sequences.Sequence;                                                    : loaded 3 times (x 69B)
Class kotlin.jvm.internal.MutablePropertyReference1Impl                               : loaded 3 times (x 137B)
Class kotlin.text.StringsKt__StringNumberConversionsKt                                : loaded 3 times (x 71B)
Class jdk.internal.jimage.decompressor.ResourceDecompressorFactory                    : loaded 3 times (x 74B)
Class [Lkotlin.Pair;                                                                  : loaded 3 times (x 69B)
Class kotlin.jvm.internal.markers.KMutableList                                        : loaded 3 times (x 70B)
Class kotlin.io.FilesKt__FileReadWriteKt                                              : loaded 3 times (x 71B)
Class kotlin.jvm.KotlinReflectionNotSupportedError                                    : loaded 3 times (x 82B)
Class jdk.internal.jimage.decompressor.Decompressor                                   : loaded 3 times (x 72B)
Class kotlin.text.RegexKt                                                             : loaded 3 times (x 71B)
Class kotlin.LazyKt__LazyJVMKt                                                        : loaded 3 times (x 71B)
Class kotlin.coroutines.intrinsics.IntrinsicsKt__IntrinsicsKt                         : loaded 3 times (x 71B)
Class kotlin.coroutines.CoroutineContext$Key                                          : loaded 3 times (x 70B)
Class kotlin.coroutines.jvm.internal.RestrictedContinuationImpl                       : loaded 3 times (x 87B)
Class kotlin.text.StringsKt                                                           : loaded 3 times (x 71B)
Class jdk.internal.jimage.ImageReader$Node                                            : loaded 3 times (x 84B)
Class kotlin.io.FilesKt__UtilsKt                                                      : loaded 3 times (x 71B)
Class kotlin.collections.CollectionsKt__CollectionsJVMKt                              : loaded 3 times (x 71B)
Class kotlin.jvm.internal.markers.KMutableSet                                         : loaded 3 times (x 70B)
Class kotlin.collections.CollectionsKt__IteratorsKt                                   : loaded 3 times (x 71B)
Class jdk.internal.jimage.BasicImageReader$1                                          : loaded 3 times (x 77B)
Class kotlin.collections.builders.MapBuilder$Itr                                      : loaded 3 times (x 72B)
Class kotlin.collections.IndexedValue                                                 : loaded 3 times (x 72B)
Class kotlin.KotlinVersionCurrentValue                                                : loaded 3 times (x 71B)
Class kotlin.sequences.SequencesKt                                                    : loaded 3 times (x 71B)
Class kotlin.collections.AbstractSet                                                  : loaded 2 times (x 135B)
Class kotlinx.coroutines.EventLoop                                                    : loaded 2 times (x 105B)
Class kotlin.reflect.jvm.internal.impl.name.SpecialNames                              : loaded 2 times (x 71B)
Class kotlin.collections.AbstractMutableMap                                           : loaded 2 times (x 128B)
Class org.gradle.api.internal.classpath.DefaultModuleRegistry                         : loaded 2 times (x 84B)
Class com.google.common.collect.Lists                                                 : loaded 2 times (x 71B)
Class com.google.common.base.Converter                                                : loaded 2 times (x 90B)
Class com.google.common.collect.ImmutableSet$CachingAsList                            : loaded 2 times (x 148B)
Class jdk.internal.jimage.BasicImageReader$2                                          : loaded 2 times (x 77B)
Class kotlin.properties.NotNullVar                                                    : loaded 2 times (x 79B)
Class com.google.common.collect.ImmutableCollection                                   : loaded 2 times (x 125B)
Class kotlin.reflect.jvm.internal.KDeclarationContainerImpl                           : loaded 2 times (x 84B)
Class com.google.common.collect.Iterators$9                                           : loaded 2 times (x 81B)
Class com.google.common.collect.AbstractMapBasedMultimap                              : loaded 2 times (x 139B)
Class com.google.common.collect.ImmutableAsList                                       : loaded 2 times (x 209B)
Class kotlinx.coroutines.DefaultExecutor                                              : loaded 2 times (x 120B)
Class kotlinx.coroutines.Job$Key                                                      : loaded 2 times (x 71B)
Class kotlin.time.Duration$Companion                                                  : loaded 2 times (x 71B)
Class [Lkotlin.jvm.internal.markers.KMappedMarker;                                    : loaded 2 times (x 69B)
Class jdk.internal.jimage.ImageReader$Resource                                        : loaded 2 times (x 84B)
Class kotlin.text.MatchNamedGroupCollection                                           : loaded 2 times (x 70B)
Class kotlinx.coroutines.ChildJob                                                     : loaded 2 times (x 70B)
Class kotlinx.coroutines.scheduling.TasksKt                                           : loaded 2 times (x 71B)
Class com.google.common.collect.Iterators$5                                           : loaded 2 times (x 82B)
Class com.google.common.collect.ImmutableSet$JdkBackedSetBuilderImpl                  : loaded 2 times (x 76B)
Class com.google.devtools.ksp.processing.KSPLogger                                    : loaded 2 times (x 70B)
Class kotlin.jvm.internal.DoubleCompanionObject                                       : loaded 2 times (x 71B)
Class org.gradle.internal.installation.GradleInstallation$1                           : loaded 2 times (x 75B)
Class com.google.common.collect.Maps$EntryTransformer                                 : loaded 2 times (x 70B)
Class org.gradle.internal.service.ServiceLookupException                              : loaded 2 times (x 82B)
Class jdk.internal.jrtfs.JrtFileAttributes                                            : loaded 2 times (x 83B)
Class org.gradle.api.internal.classpath.ModuleRegistry                                : loaded 2 times (x 70B)
Class com.google.common.collect.AbstractListMultimap                                  : loaded 2 times (x 172B)
Class kotlinx.coroutines.ChildHandleNode                                              : loaded 2 times (x 94B)
Class kotlinx.coroutines.scheduling.SchedulerCoroutineDispatcher                      : loaded 2 times (x 108B)
Class kotlin.sequences.SequencesKt___SequencesKt$sortedWith$1                         : loaded 2 times (x 75B)
Class org.gradle.internal.classloader.ClassLoaderFactory                              : loaded 2 times (x 70B)
Class kotlin.jvm.internal.EnumCompanionObject                                         : loaded 2 times (x 71B)
Class kotlinx.coroutines.CompletionHandlerBase                                        : loaded 2 times (x 80B)
Class kotlin.reflect.jvm.internal.impl.builtins.PrimitiveType                         : loaded 2 times (x 79B)
Class org.jetbrains.kotlin.cli.common.arguments.ArgumentParseErrors                   : loaded 2 times (x 72B)
Class kotlinx.coroutines.flow.internal.FusibleFlow                                    : loaded 2 times (x 70B)
Class com.google.common.base.CommonPattern                                            : loaded 2 times (x 74B)
Class org.gradle.internal.service.CachingServiceLocator                               : loaded 2 times (x 82B)
Class kotlin.collections.AbstractMap                                                  : loaded 2 times (x 122B)
Class com.google.common.collect.Iterators$4                                           : loaded 2 times (x 82B)
Class kotlin.reflect.jvm.internal.ReflectProperties                                   : loaded 2 times (x 71B)
Class kotlin.io.path.PathsKt__PathRecursiveFunctionsKt                                : loaded 2 times (x 71B)
Class com.google.common.math.IntMath                                                  : loaded 2 times (x 71B)
Class kotlinx.coroutines.BlockingEventLoop                                            : loaded 2 times (x 117B)
Class kotlin.coroutines.AbstractCoroutineContextElement                               : loaded 2 times (x 89B)
Class kotlinx.coroutines.ThreadLocalEventLoop                                         : loaded 2 times (x 71B)
Class kotlin.time.DurationJvmKt                                                       : loaded 2 times (x 71B)
Class kotlinx.coroutines.flow.MutableSharedFlow                                       : loaded 2 times (x 70B)
Class kotlin.reflect.jvm.internal.impl.descriptors.runtime.structure.ReflectClassUtilKt: loaded 2 times (x 71B)
Class [Lorg.jetbrains.kotlin.cli.common.messages.CompilerMessageSeverity;             : loaded 2 times (x 69B)
Class kotlin.sequences.DropWhileSequence                                              : loaded 2 times (x 75B)
Class kotlinx.coroutines.CompletionStateKt                                            : loaded 2 times (x 71B)
Class com.google.common.collect.SingletonImmutableSet                                 : loaded 2 times (x 146B)
Class com.google.common.base.Function                                                 : loaded 2 times (x 70B)
Class kotlin.jvm.internal.markers.KMutableListIterator                                : loaded 2 times (x 70B)
Class kotlinx.coroutines.CoroutineDispatcher$Key$1                                    : loaded 2 times (x 78B)
Class kotlinx.coroutines.CoroutineDispatcher                                          : loaded 2 times (x 99B)
Class [Lorg.jetbrains.kotlin.cli.common.CompilerSystemProperties;                     : loaded 2 times (x 69B)
Class com.google.common.collect.RegularImmutableList                                  : loaded 2 times (x 213B)
Class com.google.common.collect.ImmutableMap$IteratorBasedImmutableMap                : loaded 2 times (x 126B)
Class com.google.devtools.ksp.processing.KSPJvmConfig                                 : loaded 2 times (x 72B)
Class kotlin.reflect.jvm.internal.KDeclarationContainerImpl$Companion                 : loaded 2 times (x 71B)
Class org.gradle.internal.classloader.ClasspathUtil                                   : loaded 2 times (x 71B)
Class kotlinx.coroutines.ExecutorCoroutineDispatcher$Key$1                            : loaded 2 times (x 78B)
Class kotlin.collections.builders.SetBuilder                                          : loaded 2 times (x 143B)
Class kotlinx.coroutines.NonDisposableHandle                                          : loaded 2 times (x 78B)
Class com.google.common.collect.Iterators$1                                           : loaded 2 times (x 81B)
Class kotlin.jvm.internal.PropertyReference0                                          : loaded 2 times (x 127B)
Class org.jetbrains.kotlin.cli.common.arguments.ParseCommandLineArgumentsKt           : loaded 2 times (x 71B)
Class kotlin.reflect.full.IllegalCallableAccessException                              : loaded 2 times (x 82B)
Class org.gradle.api.internal.classpath.DefaultModuleRegistry$DefaultModuleAlias      : loaded 2 times (x 80B)
Class org.jetbrains.kotlin.cli.common.arguments.Freezable                             : loaded 2 times (x 72B)
Class com.google.common.collect.Maps                                                  : loaded 2 times (x 71B)
Class org.gradle.api.specs.Spec                                                       : loaded 2 times (x 70B)
Class jdk.internal.jimage.ImageReader$SharedImageReader$LocationVisitor               : loaded 2 times (x 70B)
Class kotlinx.coroutines.CoroutineDispatcher$Key                                      : loaded 2 times (x 72B)
Class [Lkotlinx.coroutines.CoroutineStart;                                            : loaded 2 times (x 69B)
Class kotlin.jvm.internal.PropertyReference2                                          : loaded 2 times (x 127B)
Class kotlin.time.DurationUnitKt__DurationUnitKt                                      : loaded 2 times (x 71B)
Class kotlinx.coroutines.CoroutineContextKt                                           : loaded 2 times (x 71B)
Class [Lkotlin.reflect.jvm.internal.impl.builtins.jvm.JavaToKotlinClassMap$PlatformMutabilityMapping;: loaded 2 times (x 69B)
Class com.google.common.collect.ImmutableList$ReverseImmutableList                    : loaded 2 times (x 209B)
Class kotlin.reflect.full.IllegalPropertyDelegateAccessException                      : loaded 2 times (x 82B)
Class com.google.common.base.JdkPattern                                               : loaded 2 times (x 75B)
Class [Lkotlin.reflect.jvm.internal.impl.name.FqName;                                 : loaded 2 times (x 69B)
Class kotlin.reflect.jvm.internal.KPackageImpl                                        : loaded 2 times (x 85B)
Class kotlinx.coroutines.internal.DispatchedContinuation                              : loaded 2 times (x 90B)
Class kotlin.sequences.TakeWhileSequence$iterator$1                                   : loaded 2 times (x 79B)
Class org.gradle.internal.classpath.ClassPath                                         : loaded 2 times (x 70B)
Class com.google.common.collect.SingletonImmutableList                                : loaded 2 times (x 207B)
Class org.jetbrains.kotlin.cli.common.arguments.K2JVMCompilerArgumentsConfigurator    : loaded 2 times (x 74B)
Class com.google.common.base.Platform                                                 : loaded 2 times (x 71B)
Class kotlin.time.DurationUnit                                                        : loaded 2 times (x 79B)
Class kotlin.reflect.jvm.internal.impl.resolve.jvm.JvmPrimitiveType                   : loaded 2 times (x 79B)
Class kotlin.jvm.internal.CharCompanionObject                                         : loaded 2 times (x 71B)
Class kotlinx.coroutines.ThreadContextElement                                         : loaded 2 times (x 70B)
Class kotlinx.coroutines.internal.SystemPropsKt__SystemProps_commonKt                 : loaded 2 times (x 71B)
Class kotlinx.coroutines.DispatchedTaskKt                                             : loaded 2 times (x 71B)
Class org.gradle.api.internal.ClassPathRegistry                                       : loaded 2 times (x 70B)
Class com.google.devtools.ksp.processing.KspGradleLogger$Companion                    : loaded 2 times (x 71B)
Class com.google.common.collect.Maps$8                                                : loaded 2 times (x 82B)
Class org.gradle.internal.classpath.DefaultClassPath$ImmutableUniqueList              : loaded 2 times (x 199B)
Class kotlin.collections.MutableMapWithDefaultImpl                                    : loaded 2 times (x 144B)
Class com.google.common.collect.Multimap                                              : loaded 2 times (x 70B)
Class kotlinx.coroutines.EventLoopKt                                                  : loaded 2 times (x 71B)
Class kotlin.collections.ArrayAsCollection                                            : loaded 2 times (x 105B)
Class org.jetbrains.kotlin.cli.common.messages.MessageCollector                       : loaded 2 times (x 70B)
Class kotlin.jvm.internal.ShortCompanionObject                                        : loaded 2 times (x 71B)
Class org.gradle.api.internal.DefaultClassPathRegistry                                : loaded 2 times (x 76B)
Class kotlin.reflect.jvm.internal.ReflectProperties$LazySoftVal                       : loaded 2 times (x 78B)
Class kotlin.reflect.jvm.internal.impl.builtins.StandardNames                         : loaded 2 times (x 71B)
Class [Lkotlin.reflect.jvm.internal.impl.builtins.PrimitiveType;                      : loaded 2 times (x 69B)
Class org.gradle.internal.classloader.VisitableURLClassLoader$InstrumentingVisitableURLClassLoader: loaded 2 times (x 123B)
Class kotlin.coroutines.CombinedContext                                               : loaded 2 times (x 78B)
Class org.jetbrains.kotlin.config.Services$Companion                                  : loaded 2 times (x 71B)
Class kotlinx.coroutines.Job$DefaultImpls                                             : loaded 2 times (x 71B)
Class kotlin.coroutines.CoroutineContext$Element$DefaultImpls                         : loaded 2 times (x 71B)
Class kotlinx.coroutines.internal.LockFreeTaskQueueCore                               : loaded 2 times (x 72B)
Class kotlinx.coroutines.JobCancellingNode                                            : loaded 2 times (x 90B)
Class [Lkotlin.reflect.jvm.internal.impl.resolve.jvm.JvmPrimitiveType;                : loaded 2 times (x 69B)
Class org.gradle.api.internal.classpath.UnknownModuleException                        : loaded 2 times (x 82B)
Class kotlinx.coroutines.flow.Flow                                                    : loaded 2 times (x 70B)
Class kotlinx.coroutines.internal.DispatchedContinuationKt                            : loaded 2 times (x 71B)
Class com.google.common.math.IntMath$1                                                : loaded 2 times (x 71B)
Class org.gradle.internal.classloader.VisitableURLClassLoader$Spec                    : loaded 2 times (x 74B)
Class org.gradle.internal.classpath.DefaultClassPath                                  : loaded 2 times (x 90B)
Class org.gradle.api.internal.classpath.Module                                        : loaded 2 times (x 70B)
Class kotlin.reflect.jvm.internal.KotlinReflectionInternalError                       : loaded 2 times (x 82B)
Class kotlin.reflect.jvm.internal.impl.builtins.jvm.JavaToKotlinClassMap              : loaded 2 times (x 71B)
Class kotlinx.coroutines.Job                                                          : loaded 2 times (x 70B)
Class com.google.common.collect.Multiset                                              : loaded 2 times (x 70B)
Class com.google.common.collect.ArrayListMultimapGwtSerializationDependencies         : loaded 2 times (x 172B)
Class com.google.common.collect.AbstractIndexedListIterator                           : loaded 2 times (x 96B)
Class com.google.devtools.ksp.processing.KspGradleLogger                              : loaded 2 times (x 79B)
Class kotlin.UInt$Companion                                                           : loaded 2 times (x 71B)
Class kotlin.UInt                                                                     : loaded 2 times (x 74B)
Class com.google.common.math.MathPreconditions                                        : loaded 2 times (x 71B)
Class com.google.common.collect.ImmutableSet                                          : loaded 2 times (x 145B)
Class org.gradle.internal.classloader.ClassLoaderSpec                                 : loaded 2 times (x 71B)
Class kotlin.jvm.internal.LongCompanionObject                                         : loaded 2 times (x 71B)
Class kotlinx.coroutines.ExecutorCoroutineDispatcher                                  : loaded 2 times (x 107B)
Class kotlin.text.DelimitedRangesSequence                                             : loaded 2 times (x 75B)
Class kotlin.reflect.jvm.internal.ReflectProperties$Val$1                             : loaded 2 times (x 71B)
Class com.google.common.collect.AbstractIterator                                      : loaded 2 times (x 82B)
Class org.gradle.api.internal.classpath.DefaultModuleRegistry$DefaultModule           : loaded 2 times (x 82B)
Class kotlin.time.DurationKt                                                          : loaded 2 times (x 71B)
Class kotlinx.coroutines.CoroutineStart$WhenMappings                                  : loaded 2 times (x 71B)
Class com.google.common.collect.BiMap                                                 : loaded 2 times (x 70B)
Class kotlin.coroutines.ContinuationKt                                                : loaded 2 times (x 71B)
Class kotlin.reflect.jvm.internal.impl.builtins.StandardNames$FqNames                 : loaded 2 times (x 71B)
Class kotlinx.coroutines.JobSupport                                                   : loaded 2 times (x 132B)
Class kotlin.jdk7.AutoCloseableKt                                                     : loaded 2 times (x 71B)
Class org.gradle.api.internal.classpath.Module$ModuleAlias                            : loaded 2 times (x 70B)
Class kotlin.collections.AbstractSet$Companion                                        : loaded 2 times (x 71B)
Class kotlin.reflect.jvm.internal.ReflectionFactoryImpl                               : loaded 2 times (x 91B)
Class org.jetbrains.kotlin.config.Services$Builder                                    : loaded 2 times (x 72B)
Class kotlin.io.FileTreeWalk$DirectoryState                                           : loaded 2 times (x 73B)
Class org.gradle.internal.classloader.VisitableURLClassLoader                         : loaded 2 times (x 117B)
Class kotlinx.coroutines.internal.ThreadLocalKt                                       : loaded 2 times (x 71B)
Class kotlin.time.DurationUnitKt__DurationUnitJvmKt                                   : loaded 2 times (x 71B)
Class kotlin.jvm.JvmStatic                                                            : loaded 2 times (x 70B)
Class kotlin.reflect.jvm.internal.KClassImpl                                          : loaded 2 times (x 115B)
Class kotlin.collections.builders.SetBuilder$Companion                                : loaded 2 times (x 71B)
Class kotlin.io.FileTreeWalk$FileTreeWalkIterator$WhenMappings                        : loaded 2 times (x 71B)
Class kotlinx.coroutines.flow.FlowCollector                                           : loaded 2 times (x 70B)
Class org.gradle.internal.Cast                                                        : loaded 2 times (x 71B)
Class org.gradle.api.Action                                                           : loaded 2 times (x 70B)
Class kotlin.jvm.internal.Ref$IntRef                                                  : loaded 2 times (x 71B)
Class com.google.common.collect.Lists$StringAsImmutableList                           : loaded 2 times (x 207B)
Class kotlinx.coroutines.CompletedExceptionally                                       : loaded 2 times (x 72B)
Class kotlin.coroutines.AbstractCoroutineContextKey                                   : loaded 2 times (x 72B)
Class org.jetbrains.kotlin.config.Services                                            : loaded 2 times (x 72B)
Class org.jetbrains.kotlin.cli.common.messages.GradleStyleMessageRenderer             : loaded 2 times (x 78B)
Class kotlin.text.DelimitedRangesSequence$iterator$1                                  : loaded 2 times (x 79B)
Class com.google.common.base.Strings                                                  : loaded 2 times (x 71B)
Class kotlin.collections.MutableMapWithDefault                                        : loaded 2 times (x 70B)
Class kotlin.jvm.internal.IntCompanionObject                                          : loaded 2 times (x 71B)
Class jdk.internal.jrtfs.JrtDirectoryStream$1                                         : loaded 2 times (x 83B)
Class com.google.devtools.ksp.processing.KSPConfig                                    : loaded 2 times (x 72B)
Class com.google.common.collect.ImmutableMap                                          : loaded 2 times (x 120B)
Class org.gradle.internal.classpath.DefaultClassPath$ImmutableUniqueList$Builder      : loaded 2 times (x 75B)
Class com.google.common.collect.Iterators                                             : loaded 2 times (x 71B)
Class kotlinx.coroutines.CoroutineStart                                               : loaded 2 times (x 79B)
Class kotlinx.coroutines.scheduling.UnlimitedIoScheduler                              : loaded 2 times (x 99B)
Class kotlin.io.LinesSequence$iterator$1                                              : loaded 2 times (x 79B)
Class kotlin.reflect.jvm.internal.KDeclarationContainerImpl$Data                      : loaded 2 times (x 72B)
Class com.google.common.collect.RegularImmutableAsList                                : loaded 2 times (x 217B)
Class kotlinx.coroutines.CoroutineId                                                  : loaded 2 times (x 93B)
Class kotlinx.coroutines.EventLoopImplBase                                            : loaded 2 times (x 117B)
Class kotlin.reflect.jvm.internal.impl.builtins.PrimitiveType$Companion               : loaded 2 times (x 71B)
Class kotlin.reflect.jvm.internal.impl.utils.CollectionsKt                            : loaded 2 times (x 71B)
Class kotlin.reflect.jvm.internal.KClassImpl$Data                                     : loaded 2 times (x 72B)
Class kotlinx.coroutines.internal.LimitedDispatcherKt                                 : loaded 2 times (x 71B)
Class com.google.common.collect.AbstractMultimap                                      : loaded 2 times (x 123B)
Class kotlinx.coroutines.scheduling.GlobalQueue                                       : loaded 2 times (x 72B)
Class org.jetbrains.kotlin.cli.common.arguments.K2JVMCompilerArguments                : loaded 2 times (x 76B)
Class com.google.common.collect.ArrayListMultimap                                     : loaded 2 times (x 172B)
Class org.gradle.api.GradleException                                                  : loaded 2 times (x 82B)
Class com.google.common.collect.AbstractMapEntry                                      : loaded 2 times (x 81B)
Class kotlin.collections.AbstractMap$Companion                                        : loaded 2 times (x 71B)
Class com.google.common.collect.Iterators$SingletonIterator                           : loaded 2 times (x 81B)
Class jdk.internal.jrtfs.JrtFileSystem$1                                              : loaded 2 times (x 107B)
Class org.gradle.internal.service.ServiceLocator                                      : loaded 2 times (x 70B)
Class com.google.common.collect.UnmodifiableIterator                                  : loaded 2 times (x 80B)
Class com.google.common.collect.CollectPreconditions                                  : loaded 2 times (x 71B)
Class kotlinx.coroutines.DefaultExecutorKt                                            : loaded 2 times (x 71B)
Class kotlinx.coroutines.Unconfined                                                   : loaded 2 times (x 99B)
Class kotlinx.coroutines.GlobalScope                                                  : loaded 2 times (x 74B)
Class org.jetbrains.kotlin.cli.common.arguments.PreprocessCommandLineArgumentsKt      : loaded 2 times (x 71B)
Class kotlinx.coroutines.BuildersKt__BuildersKt                                       : loaded 2 times (x 71B)
Class kotlin.reflect.jvm.internal.KTypeParameterOwnerImpl                             : loaded 2 times (x 70B)
Class kotlinx.coroutines.scheduling.NanoTimeSource                                    : loaded 2 times (x 72B)
Class kotlin.jvm.internal.BooleanCompanionObject                                      : loaded 2 times (x 71B)
Class com.google.common.collect.SortedMapDifference                                   : loaded 2 times (x 70B)
Class kotlin.collections.builders.MapBuilder$KeysItr                                  : loaded 2 times (x 81B)
Class [Lkotlin.time.DurationUnit;                                                     : loaded 2 times (x 69B)
Class kotlinx.coroutines.AbstractCoroutine                                            : loaded 2 times (x 143B)
Class com.google.common.base.Joiner                                                   : loaded 2 times (x 80B)
Class kotlin.reflect.jvm.internal.impl.name.Name                                      : loaded 2 times (x 75B)
Class kotlin.io.path.PathsKt                                                          : loaded 2 times (x 71B)
Class org.jetbrains.kotlin.cli.common.arguments.CommonCompilerArguments               : loaded 2 times (x 75B)
Class kotlin.reflect.jvm.internal.impl.name.FqNamesUtilKt                             : loaded 2 times (x 71B)
Class kotlinx.coroutines.scheduling.CoroutineScheduler$Companion                      : loaded 2 times (x 71B)
Class kotlin.reflect.jvm.internal.impl.name.FqNameUnsafe                              : loaded 2 times (x 72B)
Class jdk.internal.jrtfs.SystemImage$2                                                : loaded 2 times (x 76B)
Class org.jetbrains.kotlin.cli.common.arguments.CommonCompilerArgumentsConfigurator   : loaded 2 times (x 74B)
Class com.google.common.collect.ImmutableCollection$Builder                           : loaded 2 times (x 76B)
Class com.google.common.collect.Iterators$ArrayItr                                    : loaded 2 times (x 97B)
Class kotlin.io.path.PathsKt__PathUtilsKt                                             : loaded 2 times (x 71B)
Class org.gradle.internal.IoActions                                                   : loaded 2 times (x 71B)
Class kotlinx.coroutines.DisposableHandle                                             : loaded 2 times (x 70B)
Class kotlinx.coroutines.scheduling.TaskContext                                       : loaded 2 times (x 70B)
Class jdk.internal.jrtfs.SystemImage$1                                                : loaded 2 times (x 78B)
Class org.gradle.internal.classloader.InstrumentingClassLoader                        : loaded 2 times (x 70B)
Class org.gradle.internal.classpath.TransformedClassPath                              : loaded 2 times (x 96B)
Class jdk.internal.jimage.ImageReader$LinkNode                                        : loaded 2 times (x 84B)
Class kotlin.reflect.jvm.internal.EmptyContainerForLocal                              : loaded 2 times (x 84B)
Class kotlin.io.path.PathsKt__PathReadWriteKt                                         : loaded 2 times (x 71B)
Class com.google.common.collect.ImmutableSet$RegularSetBuilderImpl                    : loaded 2 times (x 77B)
Class kotlin.text.MatcherMatchResult$groups$1                                         : loaded 2 times (x 151B)
Class kotlinx.coroutines.internal.LockFreeLinkedListNode                              : loaded 2 times (x 75B)
Class com.google.common.collect.MapDifference                                         : loaded 2 times (x 70B)
Class kotlin.coroutines.CoroutineContext$DefaultImpls                                 : loaded 2 times (x 71B)
Class kotlinx.coroutines.scheduling.DefaultIoScheduler                                : loaded 2 times (x 110B)
Class kotlinx.coroutines.DispatchedTask                                               : loaded 2 times (x 81B)
Class jdk.internal.jrtfs.JrtFileStore                                                 : loaded 2 times (x 83B)
Class org.jetbrains.kotlin.cli.common.messages.CompilerMessageSeverity                : loaded 2 times (x 79B)
Class kotlinx.coroutines.internal.SystemPropsKt                                       : loaded 2 times (x 71B)
Class kotlin.reflect.jvm.internal.impl.name.ClassId                                   : loaded 2 times (x 72B)
Class kotlinx.coroutines.IncompleteStateBox                                           : loaded 2 times (x 72B)
Class kotlin.sequences.TakeWhileSequence                                              : loaded 2 times (x 75B)
Class org.gradle.internal.service.UnknownServiceException                             : loaded 2 times (x 83B)
Class org.jetbrains.kotlin.cli.common.CompilerSystemProperties                        : loaded 2 times (x 80B)
Class org.jetbrains.kotlin.cli.common.arguments.Argument                              : loaded 2 times (x 70B)
Class kotlinx.coroutines.Delay                                                        : loaded 2 times (x 70B)
Class kotlin.io.FileTreeWalk$FileTreeWalkIterator$TopDownDirectoryState               : loaded 2 times (x 74B)
Class kotlinx.coroutines.ParentJob                                                    : loaded 2 times (x 70B)
Class kotlinx.coroutines.JobNode                                                      : loaded 2 times (x 90B)
Class kotlinx.coroutines.internal.LockFreeTaskQueueCore$Companion                     : loaded 2 times (x 71B)
Class jdk.internal.jrtfs.SystemImage                                                  : loaded 2 times (x 74B)
Class org.gradle.api.internal.ClassPathProvider                                       : loaded 2 times (x 70B)
Class [Lorg.gradle.api.internal.ClassPathProvider;                                    : loaded 2 times (x 69B)
Class org.jetbrains.kotlin.cli.common.CompilerSystemProperties$Companion              : loaded 2 times (x 71B)
Class kotlin.reflect.jvm.internal.impl.builtins.jvm.JavaToKotlinClassMap$PlatformMutabilityMapping: loaded 2 times (x 72B)
Class kotlin.coroutines.ContinuationInterceptor$DefaultImpls                          : loaded 2 times (x 71B)
Class kotlin.text.MatchResult                                                         : loaded 2 times (x 70B)
Class kotlin.coroutines.jvm.internal.Boxing                                           : loaded 2 times (x 71B)
Class org.gradle.api.internal.DefaultClassPathProvider                                : loaded 2 times (x 76B)
Class com.google.common.collect.ImmutableSet$SerializedForm                           : loaded 2 times (x 73B)
Class kotlinx.coroutines.EventLoop_commonKt                                           : loaded 2 times (x 71B)
Class com.google.common.collect.ListMultimap                                          : loaded 2 times (x 70B)
Class org.jetbrains.kotlin.cli.common.arguments.CommonToolArguments                   : loaded 2 times (x 73B)
Class com.google.common.collect.Hashing                                               : loaded 2 times (x 71B)
Class com.google.common.base.PatternCompiler                                          : loaded 2 times (x 70B)
Class com.google.common.base.Preconditions                                            : loaded 2 times (x 71B)
Class com.google.common.collect.ImmutableEnumMap                                      : loaded 2 times (x 126B)
Class kotlinx.coroutines.DebugKt                                                      : loaded 2 times (x 71B)
Class jdk.internal.jrtfs.ExplodedImage                                                : loaded 2 times (x 77B)
Class kotlinx.coroutines.CopyableThreadContextElement                                 : loaded 2 times (x 70B)
Class com.google.common.base.Joiner$1                                                 : loaded 2 times (x 81B)
Class com.google.common.collect.PeekingIterator                                       : loaded 2 times (x 70B)
Class kotlin.text.MatcherMatchResult$groupValues$1                                    : loaded 2 times (x 198B)
Class kotlin.jvm.internal.FloatCompanionObject                                        : loaded 2 times (x 71B)
Class org.gradle.internal.classloader.DefaultClassLoaderFactory                       : loaded 2 times (x 82B)
Class kotlinx.coroutines.flow.SharedFlow                                              : loaded 2 times (x 70B)
Class com.google.common.base.Joiner$2                                                 : loaded 2 times (x 80B)
Class kotlinx.coroutines.scheduling.TaskContextImpl                                   : loaded 2 times (x 75B)
Class com.google.common.base.Platform$JdkPatternCompiler                              : loaded 2 times (x 75B)
Class kotlin.reflect.jvm.internal.impl.name.FqName                                    : loaded 2 times (x 72B)
Class kotlin.io.LinesSequence                                                         : loaded 2 times (x 75B)
Class kotlinx.coroutines.EventLoopImplPlatform                                        : loaded 2 times (x 107B)
Class kotlinx.coroutines.scheduling.SchedulerTimeSource                               : loaded 2 times (x 72B)
Class kotlinx.coroutines.scheduling.CoroutineScheduler                                : loaded 2 times (x 81B)
Class org.objectweb.asm.ClassVisitor                                                  : loaded 2 times (x 88B)
Class com.google.common.collect.Maps$BiMapConverter                                   : loaded 2 times (x 90B)
Class kotlinx.coroutines.Incomplete                                                   : loaded 2 times (x 70B)
Class org.jetbrains.kotlin.cli.common.messages.MessageRenderer                        : loaded 2 times (x 70B)
Class com.google.common.collect.ImmutableSet$Builder                                  : loaded 2 times (x 85B)
Class kotlin.concurrent.LocksKt                                                       : loaded 2 times (x 71B)
Class kotlinx.coroutines.AbstractTimeSourceKt                                         : loaded 2 times (x 71B)
Class com.google.common.collect.UnmodifiableListIterator                              : loaded 2 times (x 95B)
Class kotlin.jvm.internal.ByteCompanionObject                                         : loaded 2 times (x 71B)
Class kotlin.time.Duration                                                            : loaded 2 times (x 74B)
Class kotlinx.coroutines.CoroutineScope                                               : loaded 2 times (x 70B)
Class kotlinx.coroutines.ChildHandle                                                  : loaded 2 times (x 70B)
Class org.gradle.internal.installation.CurrentGradleInstallationLocator               : loaded 2 times (x 71B)
Class kotlin.collections.builders.ListBuilder$Itr                                     : loaded 2 times (x 94B)
Class kotlinx.coroutines.internal.OpDescriptor                                        : loaded 2 times (x 73B)
Class kotlinx.coroutines.Empty                                                        : loaded 2 times (x 75B)
Class org.jetbrains.kotlin.cli.common.messages.CompilerMessageSeverity$Companion      : loaded 2 times (x 71B)
Class kotlin.coroutines.jvm.internal.SpillingKt                                       : loaded 2 times (x 71B)
Class com.google.common.collect.ImmutableList                                         : loaded 2 times (x 206B)
Class org.gradle.internal.service.DefaultServiceLocator                               : loaded 2 times (x 83B)
Class jdk.internal.jrtfs.JrtDirectoryStream                                           : loaded 2 times (x 89B)
Class kotlin.properties.ObservableProperty                                            : loaded 2 times (x 83B)
Class org.jetbrains.kotlin.cli.common.arguments.ArgumentField                         : loaded 2 times (x 72B)
Class kotlin.jvm.internal.MutablePropertyReference2                                   : loaded 2 times (x 137B)
Class kotlin.reflect.jvm.internal.ReflectProperties$Val                               : loaded 2 times (x 74B)
Class com.google.common.collect.AbstractMapBasedMultimap$WrappedCollection            : loaded 2 times (x 124B)
Class org.jetbrains.kotlin.util.capitalizeDecapitalize.CapitalizeDecapitalizeKt       : loaded 2 times (x 71B)
Class com.google.common.collect.ImmutableSet$SetBuilderImpl                           : loaded 2 times (x 76B)
Class org.gradle.internal.installation.CurrentGradleInstallation                      : loaded 2 times (x 73B)
Class com.google.common.collect.ImmutableList$1                                       : loaded 2 times (x 97B)
Class kotlinx.coroutines.flow.CancellableFlow                                         : loaded 2 times (x 70B)
Class kotlinx.coroutines.scheduling.Task                                              : loaded 2 times (x 76B)
Class kotlinx.coroutines.flow.internal.AbstractSharedFlow                             : loaded 2 times (x 74B)
Class kotlinx.coroutines.BlockingCoroutine                                            : loaded 2 times (x 143B)
Class org.gradle.internal.classloader.ClassLoaderHierarchy                            : loaded 2 times (x 70B)
Class kotlin.jvm.internal.MutablePropertyReference0                                   : loaded 2 times (x 137B)
Class com.google.common.collect.ImmutableList$SubList                                 : loaded 2 times (x 209B)
Class org.gradle.util.internal.GUtil                                                  : loaded 2 times (x 71B)
Class kotlinx.coroutines.internal.LockFreeTaskQueue                                   : loaded 2 times (x 72B)
Class kotlinx.coroutines.scheduling.DefaultScheduler                                  : loaded 2 times (x 108B)
Class kotlinx.coroutines.Dispatchers                                                  : loaded 2 times (x 71B)
Class kotlin.reflect.jvm.internal.impl.builtins.CompanionObjectMapping                : loaded 2 times (x 71B)
Class kotlinx.coroutines.BuildersKt                                                   : loaded 2 times (x 71B)
Class kotlinx.coroutines.CoroutineContextKt$hasCopyableElements$1                     : loaded 2 times (x 78B)
Class kotlinx.coroutines.internal.ThreadContextKt                                     : loaded 2 times (x 71B)
Class kotlin.time.DurationUnitKt                                                      : loaded 2 times (x 71B)
Class kotlin.sequences.DropWhileSequence$iterator$1                                   : loaded 2 times (x 79B)
Class kotlinx.coroutines.intrinsics.CancellableKt                                     : loaded 2 times (x 71B)
Class org.gradle.internal.classloader.FilteringClassLoader                            : loaded 2 times (x 105B)
Class kotlin.reflect.jvm.internal.RuntimeTypeMapper                                   : loaded 2 times (x 71B)
Class com.google.common.collect.Iterators$MergingIterator                             : loaded 2 times (x 81B)
Class com.google.common.collect.RegularImmutableSet                                   : loaded 2 times (x 149B)
Class org.gradle.internal.installation.GradleInstallation                             : loaded 2 times (x 75B)
Class kotlinx.coroutines.internal.ResizableAtomicArray                                : loaded 2 times (x 72B)
Class kotlin.collections.ReversedList                                                 : loaded 2 times (x 207B)
Class com.google.common.collect.Iterables                                             : loaded 2 times (x 71B)
Class kotlin.collections.ReversedList$listIterator$1                                  : loaded 2 times (x 94B)
Class kotlin.text.MatcherMatchResult                                                  : loaded 2 times (x 80B)
Class kotlinx.coroutines.JobSupportKt                                                 : loaded 2 times (x 71B)
Class kotlinx.coroutines.ExecutorCoroutineDispatcher$Key                              : loaded 2 times (x 72B)
Class kotlin.text.MatchGroupCollection                                                : loaded 2 times (x 70B)
Class kotlinx.coroutines.internal.SystemPropsKt__SystemPropsKt                        : loaded 2 times (x 71B)

---------------  S Y S T E M  ---------------

OS:
 Windows 11 , 64 bit Build 26100 (10.0.26100.9168)
OS uptime: 1 days 10:00 hours
Hyper-V role detected

CPU: total 32 (initial active 32) (16 cores per cpu, 2 threads per core) family 6 model 183 stepping 1 microcode 0x133, cx8, cmov, fxsr, ht, mmx, 3dnowpref, sse, sse2, sse3, ssse3, sse4.1, sse4.2, popcnt, lzcnt, tsc, tscinvbit, avx, avx2, aes, erms, clmul, bmi1, bmi2, adx, sha, fma, vzeroupper, clflush, clflushopt, clwb, hv, serialize, rdtscp, rdpid, fsrm, f16c, cet_ibt, cet_ss
Processor Information for processor 0
  Max Mhz: 2200, Current Mhz: 2200, Mhz Limit: 2200
Processor Information for processor 1
  Max Mhz: 2200, Current Mhz: 1466, Mhz Limit: 2200
Processor Information for processor 2
  Max Mhz: 2200, Current Mhz: 2200, Mhz Limit: 2200
Processor Information for processor 3
  Max Mhz: 2200, Current Mhz: 1466, Mhz Limit: 2200
Processor Information for processor 4
  Max Mhz: 2200, Current Mhz: 2200, Mhz Limit: 2200
Processor Information for processor 5
  Max Mhz: 2200, Current Mhz: 2200, Mhz Limit: 2200
Processor Information for processor 6
  Max Mhz: 2200, Current Mhz: 2200, Mhz Limit: 2200
Processor Information for processor 7
  Max Mhz: 2200, Current Mhz: 2200, Mhz Limit: 2200
Processor Information for processor 8
  Max Mhz: 2200, Current Mhz: 2200, Mhz Limit: 2200
Processor Information for processor 9
  Max Mhz: 2200, Current Mhz: 2200, Mhz Limit: 2200
Processor Information for processor 10
  Max Mhz: 2200, Current Mhz: 2200, Mhz Limit: 2200
Processor Information for processor 11
  Max Mhz: 2200, Current Mhz: 2200, Mhz Limit: 2200
Processor Information for processor 12
  Max Mhz: 2200, Current Mhz: 1466, Mhz Limit: 2200
Processor Information for processor 13
  Max Mhz: 2200, Current Mhz: 2200, Mhz Limit: 2200
Processor Information for processor 14
  Max Mhz: 2200, Current Mhz: 2200, Mhz Limit: 2200
Processor Information for processor 15
  Max Mhz: 2200, Current Mhz: 2200, Mhz Limit: 2200
Processor Information for processor 16
  Max Mhz: 2200, Current Mhz: 2200, Mhz Limit: 2200
Processor Information for processor 17
  Max Mhz: 2200, Current Mhz: 2200, Mhz Limit: 2200
Processor Information for processor 18
  Max Mhz: 2200, Current Mhz: 1512, Mhz Limit: 2200
Processor Information for processor 19
  Max Mhz: 2200, Current Mhz: 2200, Mhz Limit: 2200
Processor Information for processor 20
  Max Mhz: 2200, Current Mhz: 2200, Mhz Limit: 2200
Processor Information for processor 21
  Max Mhz: 2200, Current Mhz: 2200, Mhz Limit: 2200
Processor Information for processor 22
  Max Mhz: 2200, Current Mhz: 1512, Mhz Limit: 2200
Processor Information for processor 23
  Max Mhz: 2200, Current Mhz: 1512, Mhz Limit: 2200
Processor Information for processor 24
  Max Mhz: 2200, Current Mhz: 2200, Mhz Limit: 2200
Processor Information for processor 25
  Max Mhz: 2200, Current Mhz: 1512, Mhz Limit: 2200
Processor Information for processor 26
  Max Mhz: 2200, Current Mhz: 1512, Mhz Limit: 2200
Processor Information for processor 27
  Max Mhz: 2200, Current Mhz: 1512, Mhz Limit: 2200
Processor Information for processor 28
  Max Mhz: 2200, Current Mhz: 2200, Mhz Limit: 2200
Processor Information for processor 29
  Max Mhz: 2200, Current Mhz: 2200, Mhz Limit: 2200
Processor Information for processor 30
  Max Mhz: 2200, Current Mhz: 2200, Mhz Limit: 2200
Processor Information for processor 31
  Max Mhz: 2200, Current Mhz: 2200, Mhz Limit: 2200

Memory: 4k page, system-wide physical 32320M (9902M free)
TotalPageFile size 36416M (AvailPageFile size 336M)
current process WorkingSet (physical memory assigned to process): 1467M, peak: 1515M
current process commit charge ("private bytes"): 1540M, peak: 1946M

vm_info: OpenJDK 64-Bit Server VM (21.0.11+1-b1163.116) for windows-amd64 JRE (21.0.11+1-b1163.116), built on 2026-04-30 by "builduser" with MS VC++ 17.14 (VS2022)

END.
